<?xml version="1.0" encoding="UTF-8"?>
<addon
  id="skin.fusion.confluence"
  version="3.0.0"
  name="Fusion Confluence"
  provider-name="FusionWare, Jezz_X, Team Kodi">
  <requires>
    <import addon="xbmc.gui" version="5.10.0"/>
  </requires>
  <extension
    point="xbmc.gui.skin"
    debugging="false"
    effectslowdown="1.0">
    <res width="1280" height="720" aspect="16:9" default="true" folder="720p" />
  </extension>
  <extension point="xbmc.addon.metadata">
    <summary lang="it_IT">Skin Fusion Confluence da FusionWare. (Skin predefinita di FusionBox)</summary>
    <description lang="it_IT">Fusion Confluence è la skin predefinita di FusionBox. È una combinazione di elementi provenienti da altre skin popolari e cerca di integrare e coinvolgere tutte le loro grandi idee in una skin facile da usare e comprendere per l'utente inesperto di Kodi.</description>
    <disclaimer lang="it_IT">Fusion Confluence è la skin predefinita di FusionBox, rimuoverla potrebbe comportare dei problemi</disclaimer>
    <platform>all</platform>
  </extension>
</addon>
