<?xml version="1.0" encoding="utf-8" standalone="yes"?>
<channel>
	<id>iluvanime</id>
	<name>Iluvanime</name>

	<active>true</active>
	<adult>false</adult>
	<language>it</language>

	<fanart></fanart>
	<thumbnail>http://www.iluvanime.net/images/logosmall.png</thumbnail>
	<bannermenu>http://www.iluvanime.net/images/logosmall.png</bannermenu>

	<update_url>https://raw.githubusercontent.com/streamondemand/plugin.video.streamondemand/master/channels/</update_url>
	<version>1</version>
	<date>28/07/2016</date>
	<changes>new channel</changes>

	<categories>
		<category>anime</category>
	</categories>

	<settings>
		<id>include_in_global_search</id>
		<type>bool</type>
		<label>Includi ricerca globale</label>
		<default>false</default>
		<enabled>true</enabled>
		<visible>true</visible>
	</settings>
</channel>
