<?xml version="1.0" encoding="UTF-8"?>
<addon id="skin.estuary.fusionbox" version="0.8.5.1" name="Estuary FusionBox" provider-name="FusionWare, phil65, Piers, YLLOW_DRAGON">
	<requires>
		<import addon="xbmc.gui" version="5.10.0"/>
		<import addon="script.pvr.favourites" version="1.0.7"/>
        <import addon="script.skinshortcuts" version="1.0.10"/>
        <import addon="script.skin.helper.service" version="1.0.10"/>
	</requires>
	<extension point="xbmc.gui.skin" debugging="false">
		<res width="1920" height="1080" aspect="16:9" default="false" folder="1080i" />
		<res width="2560" height="1080" aspect="21:9" default="false" folder="1080i" />
	</extension>
	<extension point="xbmc.addon.metadata">
		<summary lang="it_IT">Skin Estuary da Kodi 17 Krypton, versione che verrà utilizzata in LibreELEC 8. Prendi familiarità con la prossima versione FusionBox, questa nuova skin rende tutto più ordinato e facile da usare.</summary>
		<disclaimer lang="it_IT">Questa skin è una beta non ufficiale. Non è possibile disinstallare questa skin, per cambiarla vai nella sezione aspetto.</disclaimer>
		<platform>all</platform>
		<license>CC BY-SA 4.0, GNU GENERAL PUBLIC LICENSE Version 2.0</license>
		<forum>http://forum.kodi.tv/</forum>
		<email>info@fusionware.it</email>
		<source>https://github.com/nkvoronov/skin.estuary-extended.git</source>
	</extension>
</addon>
