<?xml version="1.0" encoding="UTF-8" standalone="yes"?>
<channels>

<channel>
    <id>altadefinizione01</id>
    <name>AltaDefinizione01</name>
    <language>it</language>
    <update_url>https://raw.githubusercontent.com/Zanzibar82/plugin.video.streamondemand/master/channels/altadefinizione01.py</update_url>
    <active>true</active>
    <include_in_global_search>true</include_in_global_search>
    <version>18</version>
    <adult>false</adult>
    <date>03/05/2015</date>
    <changes>fix anti-cloudflare</changes>
    <categories>
        <category>movie</category>
        <category>serie</category>
        <category>anime</category>
        <category>vos</category>
    </categories>
</channel>


<channel>
    <id>altadefinizioneclick</id>
    <name>Altadefinizione.click</name>
    <language>it</language>
    <update_url>https://raw.githubusercontent.com/Zanzibar82/plugin.video.streamondemand/master/channels/altadefinizioneclick.py</update_url>
    <active>true</active>
    <include_in_global_search>true</include_in_global_search>
    <version>18</version>
    <adult>false</adult>
    <date>14/06/2016</date>
    <changes>fix domain and categories</changes>
    <categories>
        <category>movie</category>
        <category>serie</category>
        <category>anime</category>
        <category>vos</category>
    </categories>
</channel>


<channel>
    <id>altadefinizioneone</id>
    <name>Altadefinizione.one</name>
    <language>it</language>
    <update_url>https://raw.githubusercontent.com/Zanzibar82/plugin.video.streamondemand/master/channels/altadefinizioneone.py</update_url>
    <active>true</active>
    <include_in_global_search>true</include_in_global_search>
    <version>3</version>
    <adult>false</adult>
    <date>30/04/2016</date>
    <changes>First release</changes>
    <categories>
        <category>movie</category>
    </categories>
</channel>

<channel>
    <id>animestream</id>
    <name>Animestream.it</name>
    <language>it</language>
    <update_url>https://raw.githubusercontent.com/Zanzibar82/plugin.video.streamondemand/master/channels/animestream.py</update_url>
    <active>true</active>
    <include_in_global_search>true</include_in_global_search>
    <version>2</version>
    <adult>false</adult>
    <date>20/06/2016</date>
    <changes>v1: First release of this channel by costaplus - v2: fix "next page"</changes>
    <categories>
        <category>anime</category>
    </categories>
</channel>

<channel>
    <id>animetubeita</id>
    <name>AnimeTubeIta.com</name>
    <language>it</language>
    <update_url>https://raw.githubusercontent.com/Zanzibar82/plugin.video.streamondemand/master/channels/animetubeita.py</update_url>
    <active>true</active>
    <include_in_global_search>true</include_in_global_search>
    <version>1</version>
    <adult>false</adult>
    <date>08/06/2016</date>
    <changes>new anime channel by Costaplus</changes>
    <categories>
        <category>anime</category>
    </categories>
</channel>

<channel>
    <id>asiansubita</id>
    <name>Asian Sub-Ita</name>
    <language>it</language>
    <update_url>https://raw.githubusercontent.com/Zanzibar82/plugin.video.streamondemand/master/channels/asiansubita.py</update_url>
    <active>true</active>
    <include_in_global_search>true</include_in_global_search>
    <version>5</version>
    <adult>false</adult>
    <date>15/04/2016</date>
    <changes>Added TMDB</changes>
    <categories>
        <category>movie</category>
        <category>serie</category>
        <category>vos</category>
    </categories>
</channel>


<channel>
    <id>ayuda</id>
    <name>Ayuda</name>
    <language>es</language>
    <update_url>https://raw.githubusercontent.com/Zanzibar82/plugin.video.streamondemand/master/channels/ayuda.py</update_url>
    <active>true</active>
    <include_in_global_search>false</include_in_global_search>
    <version>1</version>
    <adult>false</adult>
    <date>28/08/2015</date>
    <changes>First streamondemand.4 release</changes>
</channel>


<channel>
    <id>biblioteca</id>
    <name>Biblioteca</name>
    <language>it</language>
    <update_url>https://raw.githubusercontent.com/Zanzibar82/plugin.video.streamondemand/master/channels/biblioteca.py</update_url>
    <active>true</active>
    <include_in_global_search>true</include_in_global_search>
    <version>36</version>
    <adult>false</adult>
    <date>10/03/2016</date>
    <changes>Fix by J0rdiZ65</changes>
    <categories>
        <category>movie</category>
        <category>serie</category>
        <category>vos</category>
    </categories>
</channel>


<channel>
    <id>buscador</id>
    <name>Buscador global</name>
    <language>es</language>
    <update_url>https://raw.githubusercontent.com/Zanzibar82/plugin.video.streamondemand/master/channels/buscador.py</update_url>
    <active>true</active>
    <include_in_global_search>false</include_in_global_search>
    <version>10</version>
    <adult>false</adult>
    <date>09/06/2016</date>
    <changes>Smail customization</changes>
</channel>


<channel>
    <id>casacinema</id>
    <name>Casa-Cinema</name>
    <language>it</language>
    <update_url>https://raw.githubusercontent.com/Zanzibar82/plugin.video.streamondemand/master/channels/casacinema.py</update_url>
    <active>true</active>
    <include_in_global_search>true</include_in_global_search>
    <version>16</version>
    <adult>false</adult>
    <date>03/05/2016</date>
    <changes>fix anti-cloudflare</changes>
    <categories>
        <category>movie</category>
        <category>serie</category>
        <category>anime</category>
        <category>vos</category>
    </categories>
</channel>


<channel>
    <id>chimerarevo</id>
    <name>Chimerarevo</name>
    <language>it</language>
    <update_url>https://raw.githubusercontent.com/Zanzibar82/plugin.video.streamondemand/master/channels/chimerarevo.py</update_url>
    <active>true</active>
    <include_in_global_search>false</include_in_global_search>
    <version>1</version>
    <adult>false</adult>
    <date>27/02/2016</date>
    <changes>Re-added channel</changes>
    <categories>
        <category>Documentaries</category>
    </categories>
</channel>


<channel>
    <id>cineblog01</id>
    <name>Cineblog01</name>
    <language>it</language>
    <update_url>https://raw.githubusercontent.com/Zanzibar82/plugin.video.streamondemand/master/channels/cineblog01.py</update_url>
    <active>true</active>
    <include_in_global_search>true</include_in_global_search>
    <version>34</version>
    <adult>false</adult>
    <date>23/04/2016</date>
    <changes>Added TMDB tv</changes>
    <categories>
        <category>movie</category>
        <category>serie</category>
        <category>anime</category>
        <category>vos</category>
    </categories>
</channel>


<channel>
    <id>cinemalibero</id>
    <name>Cinemalibero</name>
    <language>it</language>
    <update_url>https://raw.githubusercontent.com/Zanzibar82/plugin.video.streamondemand/master/channels/cinemalibero.py</update_url>
    <active>true</active>
    <include_in_global_search>true</include_in_global_search>
    <version>9</version>
    <adult>false</adult>
    <date>22/04/2016</date>
    <changes>Add TMDB tv</changes>
    <categories>
        <category>movie</category>
        <category>serie</category>
        <category>anime</category>
        <category>vos</category>
    </categories>
</channel>


<channel>
    <id>cinemastreaming</id>
    <name>Cinemastreaming.net</name>
    <language>it</language>
    <update_url>https://raw.githubusercontent.com/Zanzibar82/plugin.video.streamondemand/master/channels/cinemastreaming.py</update_url>
    <active>true</active>
    <include_in_global_search>true</include_in_global_search>
    <version>4</version>
    <adult>false</adult>
    <date>12/04/2016</date>
    <changes>Add TMDB</changes>
    <categories>
        <category>movie</category>
    </categories>
</channel>


<channel>
    <id>corsaronero</id>
    <name>Corsaronero</name>
    <language>it</language>
    <update_url>https://raw.githubusercontent.com/Zanzibar82/plugin.video.streamondemand/master/channels/corsaronero.py</update_url>
    <active>true</active>
    <include_in_global_search>true</include_in_global_search>
    <version>7</version>
    <adult>false</adult>
    <date>24/05/2016</date>
    <changes>Small fix</changes>
    <categories>
        <category>movie</category>
    </categories>
</channel>


<channel>
    <id>cucinarefacile</id>
    <name>Cucinarefacile</name>
    <language>it</language>
    <update_url>https://raw.githubusercontent.com/Zanzibar82/plugin.video.streamondemand/master/channels/cucinarefacile.py</update_url>
    <active>true</active>
    <include_in_global_search>false</include_in_global_search>
    <version>7</version>
    <adult>false</adult>
    <date>24/04/2016</date>
    <changes>Fix</changes>
    <categories>
        <category>Documentaries</category>
    </categories>
</channel>


<channel>
    <id>darkstream</id>
    <name>Darkstream</name>
    <language>it</language>
    <update_url>https://raw.githubusercontent.com/Zanzibar82/plugin.video.streamondemand/master/channels/darkstream.py</update_url>
    <active>true</active>
    <include_in_global_search>true</include_in_global_search>
    <version>13</version>
    <adult>false</adult>
    <date>07/05/2016</date>
    <changes>small fix</changes>
    <categories>
        <category>movie</category>
        <category>serie</category>
    </categories>
</channel>


<channel>
    <id>documentaristreaming</id>
    <name>Documentari Streaming</name>
    <language>it</language>
    <update_url>https://raw.githubusercontent.com/Zanzibar82/plugin.video.streamondemand/master/channels/documentaristreaming.py</update_url>
    <active>true</active>
    <include_in_global_search>false</include_in_global_search>
    <version>10</version>
    <adult>false</adult>
    <date>05/04/2016</date>
    <changes>Fix search</changes>
    <categories>
        <category>Documentaries</category>
    </categories>
</channel>


<channel>
    <id>eurostreaming</id>
    <name>Eurostreaming</name>
    <language>it</language>
    <update_url>https://raw.githubusercontent.com/Zanzibar82/plugin.video.streamondemand/master/channels/eurostreaming.py</update_url>
    <active>true</active>
    <include_in_global_search>true</include_in_global_search>
    <version>10</version>
    <adult>false</adult>
    <date>05/04/2016</date>
    <changes>Addedd TMDB mvie+series</changes>
    <categories>
        <category>movie</category>
        <category>serie</category>
        <category>anime</category>
    </categories>
</channel>


<channel>
    <id>eurostreaminginfo</id>
    <name>Eurostreaminginfo</name>
    <language>it</language>
    <update_url>https://raw.githubusercontent.com/Zanzibar82/plugin.video.streamondemand/master/channels/eurostreaminginfo.py</update_url>
    <active>true</active>
    <include_in_global_search>true</include_in_global_search>
    <version>6</version>
    <adult>false</adult>
    <date>03/04/2016</date>
    <changes>Fix TMDB </changes>
    <categories>
        <category>movie</category>
        <category>serie</category>
    </categories>
</channel>

<channel>
    <id>filmbelli</id>
    <name>Filmbelli.net</name>
    <language>it</language>
    <update_url>https://raw.githubusercontent.com/Zanzibar82/plugin.video.streamondemand/master/channels/filmbelli.py</update_url>
    <active>true</active>
    <include_in_global_search>true</include_in_global_search>
    <version>1</version>
    <adult>false</adult>
    <date>03/05/2015</date>
    <changes>New channel by costaplus</changes>
    <categories>
        <category>movie</category>
    </categories>
</channel>

<channel>
    <id>filmontv</id>
    <name>Oggi in TV</name>
    <language>it</language>
    <update_url>https://raw.githubusercontent.com/Zanzibar82/plugin.video.streamondemand/master/channels/filmontv.py</update_url>
    <active>true</active>
    <include_in_global_search>false</include_in_global_search>
    <version>15</version>
    <adult>false</adult>
    <date>03/04/2015</date>
    <changes>Fix TMDB integration</changes>
    <categories>
        <category>movie</category>
        <category>serie</category>
        <category>anime</category>
        <category>vos</category>
    </categories>
</channel>


<channel>
    <id>filmpertutti</id>
    <name>Film per tutti</name>
    <language>it</language>
    <update_url>https://raw.githubusercontent.com/Zanzibar82/plugin.video.streamondemand/master/channels/filmpertutti.py</update_url>
    <active>true</active>
    <include_in_global_search>true</include_in_global_search>
    <version>17</version>
    <adult>false</adult>
    <date>23/04/2016</date>
    <changes>Added TMDB tv</changes>
    <categories>
        <category>movie</category>
        <category>serie</category>
        <category>anime</category>
    </categories>
</channel>


<channel>
    <id>filmsenzalimiti</id>
    <name>Film Senza Limiti</name>
    <language>it</language>
    <update_url>https://raw.githubusercontent.com/Zanzibar82/plugin.video.streamondemand/master/channels/filmsenzalimiti.py</update_url>
    <active>true</active>
    <include_in_global_search>true</include_in_global_search>
    <version>10</version>
    <adult>false</adult>
    <date>21/04/2015</date>
    <changes>Added TMDB distinction to test</changes>
    <categories>
        <category>movie</category>
    </categories>
</channel>


<channel>
    <id>filmstream</id>
    <name>FilmStream.org</name>
    <language>it</language>
    <update_url>https://raw.githubusercontent.com/Zanzibar82/plugin.video.streamondemand/master/channels/filmstream.py</update_url>
    <active>true</active>
    <include_in_global_search>true</include_in_global_search>
    <version>15</version>
    <adult>false</adult>
    <date>22/04/2016</date>
    <changes>Added TMDB tv</changes>
    <categories>
        <category>movie</category>
        <category>serie</category>
    </categories>
</channel>


<channel>
    <id>filmstreampw</id>
    <name>FilmStream.to</name>
    <language>it</language>
    <update_url>https://raw.githubusercontent.com/Zanzibar82/plugin.video.streamondemand/master/channels/filmstreampw.py</update_url>
    <active>true</active>
    <include_in_global_search>true</include_in_global_search>
    <version>12</version>
    <adult>false</adult>
    <date>22/04/2016</date>
    <changes>Added TMDB tv</changes>
    <categories>
        <category>movie</category>
        <category>serie</category>
    </categories>
</channel>


<channel>
    <id>filmsubitotv</id>
    <name>FilmSubito</name>
    <language>it</language>
    <update_url>https://raw.githubusercontent.com/Zanzibar82/plugin.video.streamondemand/master/channels/filmsubitotv.py</update_url>
    <active>true</active>
    <include_in_global_search>true</include_in_global_search>
    <version>12</version>
    <adult>false</adult>
    <date>10/04/2016</date>
    <changes>Added TMDB + domain fix</changes>
    <categories>
        <category>movie</category>
        <category>serie</category>
        <category>anime</category>
        <category>documentaries</category>
    </categories>
</channel>


<channel>
    <id>guardarefilm</id>
    <name>GuardareFilm</name>
    <language>it</language>
    <update_url>https://raw.githubusercontent.com/Zanzibar82/plugin.video.streamondemand/master/channels/guardarefilm.py</update_url>
    <active>true</active>
    <include_in_global_search>true</include_in_global_search>
    <version>12</version>
    <adult>false</adult>
    <date>23/04/2016</date>
    <changes>Added TMDB tv</changes>
    <categories>
        <category>movie</category>
        <category>serie</category>
        <category>anime</category>
    </categories>
</channel>


<channel>
    <id>guardaserie</id>
    <name>Guardaserie.net</name>
    <language>it</language>
    <update_url>https://raw.githubusercontent.com/Zanzibar82/plugin.video.streamondemand/master/channels/guardaserie.py</update_url>
    <active>true</active>
    <include_in_global_search>true</include_in_global_search>
    <version>14</version>
    <adult>false</adult>
    <date>03/05/2016</date>
    <changes>fix anti-cloudflare</changes>
    <categories>
        <category>movie</category>
        <category>serie</category>
        <category>anime</category>
    </categories>
</channel>


<channel>
    <id>hdblog</id>
    <name>HDBlog.it</name>
    <language>it</language>
    <update_url>https://raw.githubusercontent.com/Zanzibar82/plugin.video.streamondemand/master/channels/hdblog.py</update_url>
    <active>true</active>
    <include_in_global_search>false</include_in_global_search>
    <version>2</version>
    <adult>false</adult>
    <date>21/02/2016</date>
    <changes>1st release</changes>
    <categories>
        <category>Documentaries</category>
    </categories>
</channel>


<channel>
    <id>hdgratis</id>
    <name>HDGratis</name>
    <language>it</language>
    <update_url>https://raw.githubusercontent.com/Zanzibar82/plugin.video.streamondemand/master/channels/hdgratis.py</update_url>
    <active>true</active>
    <include_in_global_search>true</include_in_global_search>
    <version>11</version>
    <adult>false</adult>
    <date>14/06/2016</date>
    <changes>fix domain and category</changes>
    <categories>
        <category>movie</category>
        <category>anime</category>
        <category>vos</category>
    </categories>
</channel>

<channel>
    <id>hdstreamingit</id>
    <name>hdstreamingit</name>
    <language>it</language>
    <update_url>https://raw.githubusercontent.com/Zanzibar82/plugin.video.streamondemand/master/channels/hdstreamingit.py</update_url>
    <active>true</active>
    <include_in_global_search>true</include_in_global_search>
    <version>14</version>
    <adult>false</adult>
    <date>28/04/2016</date>
    <changes>Fixex de-obfuscator</changes>
    <categories>
        <category>movie</category>
    </categories>
</channel>


<channel>
    <id>hokutonoken</id>
    <name>Hokuto no Ken</name>
    <language>it</language>
    <update_url>https://raw.githubusercontent.com/Zanzibar82/plugin.video.streamondemand/master/channels/hokutonoken.py</update_url>
    <active>true</active>
    <include_in_global_search>false</include_in_global_search>
    <version>2</version>
    <adult>false</adult>
    <date>24/11/2015</date>
    <changes>New Channel</changes>
    <categories>
        <category>serie</category>
        <category>anime</category>
    </categories>
</channel>

<channel>
    <id>itafilmtv</id>
    <name>ItaFilm.t</name>
    <language>it</language>
    <update_url>https://raw.githubusercontent.com/Zanzibar82/plugin.video.streamondemand/master/channels/itafilmtv.py</update_url>
    <active>true</active>
    <include_in_global_search>true</include_in_global_search>
    <version>13</version>
    <adult>false</adult>
    <date>27/05/2016</date>
    <changes>Add host</changes>
    <categories>
        <category>movie</category>
        <category>serie</category>
        <category>anime</category>
        <category>Documentaries</category>
    </categories>
</channel>


<channel>
    <id>italiafilm</id>
    <name>Italia-Film.co</name>
    <language>it</language>
    <update_url>https://raw.githubusercontent.com/Zanzibar82/plugin.video.streamondemand/master/channels/italiafilm.py</update_url>
    <active>true</active>
    <include_in_global_search>true</include_in_global_search>
    <version>19</version>
    <adult>false</adult>
    <date>26/04/2016</date>
    <changes>Search fix</changes>
    <categories>
        <category>movie</category>
        <category>serie</category>
        <category>anime</category>
    </categories>
</channel>


<channel>
    <id>italiafilmvideohd</id>
    <name>Italiafilmvideo HD</name>
    <language>it</language>
    <update_url>https://raw.githubusercontent.com/Zanzibar82/plugin.video.streamondemand/master/channels/italiafilmvideohd.py</update_url>
    <active>true</active>
    <include_in_global_search>true</include_in_global_search>
    <version>7</version>
    <adult>false</adult>
    <date>29/04/2016</date>
    <changes>drzer0 cloudflare fix</changes>
    <categories>
        <category>movie</category>
        <category>anime</category>
        <category>vos</category>
    </categories>
</channel>


<channel>
    <id>italianstream</id>
    <name>Italian-Stream</name>
    <language>it</language>
    <update_url>https://raw.githubusercontent.com/Zanzibar82/plugin.video.streamondemand/master/channels/italianstream.py</update_url>
    <active>true</active>
    <include_in_global_search>true</include_in_global_search>
    <version>10</version>
    <adult>false</adult>
    <date>23/04/2016</date>
    <changes>Added TMDB tv</changes>
    <categories>
        <category>movie</category>
        <category>serie</category>
        <category>vos</category>
    </categories>
</channel>


<channel>
    <id>italiaserie</id>
    <name>Italia Serie</name>
    <language>it</language>
    <update_url>https://raw.githubusercontent.com/Zanzibar82/plugin.video.streamondemand/master/channels/italiaserie.py</update_url>
    <active>true</active>
    <include_in_global_search>true</include_in_global_search>
    <version>7</version>
    <adult>false</adult>
    <date>14/06/2016</date>
    <changes>some minor fixes</changes>
    <categories>
        <category>serie</category>
        <category>anime</category>
    </categories>
</channel>


<channel>
    <id>itastreaming</id>
    <name>ItaStreaming</name>
    <language>it</language>
    <update_url>https://raw.githubusercontent.com/Zanzibar82/plugin.video.streamondemand/master/channels/itastreaming.py</update_url>
    <active>true</active>
    <include_in_global_search>true</include_in_global_search>
    <version>14</version>
    <adult>false</adult>
    <date>13/05/2016</date>
    <changes>fix domain and menu</changes>
    <categories>
        <category>movie</category>
    </categories>
</channel>


<channel>
    <id>liberoita</id>
    <name>LiberoITA</name>
    <language>it</language>
    <update_url>https://raw.githubusercontent.com/Zanzibar82/plugin.video.streamondemand/master/channels/liberoita.py</update_url>
    <active>true</active>
    <include_in_global_search>true</include_in_global_search>
    <version>16</version>
    <adult>false</adult>
    <date>01/05/2016</date>
    <changes>small fix TMDB</changes>
    <categories>
        <category>movie</category>
    </categories>
</channel>

<channel>
    <id>leserietv</id>
    <name>Leserietv</name>
    <language>it</language>
    <update_url>https://raw.githubusercontent.com/Zanzibar82/plugin.video.streamondemand/master/channels/leserietv.py</update_url>
    <active>true</active>
    <include_in_global_search>true</include_in_global_search>
    <version>4</version>
    <adult>false</adult>
    <date>25/05/2016</date>
    <changes>Fixed news</changes>
    <categories>
        <category>serie</category>
    </categories>
</channel>

<channel>
    <id>libreria</id>
    <name>Libreria</name>
    <language>es</language>
    <update_url>https://raw.githubusercontent.com/Zanzibar82/plugin.video.streamondemand/master/channels/libreria.py</update_url>
    <active>true</active>
    <include_in_global_search>false</include_in_global_search>
    <version>2</version>
    <adult>false</adult>
    <date>28/08/2015</date>
    <changes>Prima versione di Pelisalacarta 4</changes>
</channel>

<channel>
    <id>megafiletube</id>
    <name>Megafiletube</name>
    <language>it</language>
    <update_url>https://raw.githubusercontent.com/Zanzibar82/plugin.video.streamondemand/master/channels/megafiletube.py</update_url>
    <active>true</active>
    <include_in_global_search>true</include_in_global_search>
    <version>2</version>
    <adult>false</adult>
    <date>03/06/2016</date>
    <changes>1st versin by Costaplus + fix magnet</changes>
    <categories>
        <category>movie</category>
    </categories>
</channel>

<channel>
    <id>mondolunatico</id>
    <name>MondoLunatico</name>
    <language>it</language>
    <update_url>
        https://raw.githubusercontent.com/Zanzibar82/plugin.video.streamondemand/master/channels/mondolunatico.py
    </update_url>
    <active>true</active>
    <include_in_global_search>false</include_in_global_search>
    <version>13</version>
    <adult>false</adult>
    <date>23/05/2016</date>
    <changes>add tmdb date</changes>
    <categories>
        <category>movie</category>
    </categories>
</channel>



<channel>
    <id>novedades</id>
    <name>Novedades</name>
    <language>es</language>
    <update_url>https://raw.githubusercontent.com/Zanzibar82/plugin.video.streamondemand/master/channels/novedades.py</update_url>
    <active>true</active>
    <include_in_global_search>false</include_in_global_search>
    <version>5</version>
    <adult>false</adult>
    <date>16/11/2015</date>
    <changes>First streamondemand.4 release</changes>
</channel>


<channel>
    <id>pastebin</id>
    <name>Pastebin</name>
    <language>it</language>
    <update_url>https://raw.githubusercontent.com/Zanzibar82/plugin.video.streamondemand/master/channels/pastebin.py</update_url>
    <active>true</active>
    <include_in_global_search>false</include_in_global_search>
    <version>1</version>
    <adult>false</adult>
    <date>09/11/2015</date>
    <changes>Prima versione di Pastebin</changes>
    <categories>
        <category>movie</category>
        <category>serie</category>
        <category>anime</category>
        <category>vos</category>
        <category>User</category>
    </categories>
</channel>


<channel>
    <id>pianetastreaming</id>
    <name>Pianeta Streaming</name>
    <language>it</language>
    <update_url>https://raw.githubusercontent.com/Zanzibar82/plugin.video.streamondemand/master/channels/pianetastreaming.py</update_url>
    <active>true</active>
    <include_in_global_search>true</include_in_global_search>
    <version>7</version>
    <adult>false</adult>
    <date>09/04/2016</date>
    <changes>Added TMDB</changes>
    <categories>
        <category>movie</category>
    </categories>
</channel>


<channel>
    <id>piratestreaming</id>
    <name>Pirate Streaming</name>
    <language>it</language>
    <update_url>https://raw.githubusercontent.com/Zanzibar82/plugin.video.streamondemand/master/channels/piratestreaming.py</update_url>
    <active>true</active>
    <include_in_global_search>true</include_in_global_search>
    <version>12</version>
    <adult>false</adult>
    <date>23/04/2016</date>
    <changes>Added TMDB tv</changes>
    <categories>
        <category>movie</category>
        <category>serie</category>
    </categories>
</channel>


<channel>
    <id>playcinema</id>
    <name>Playcinema.org</name>
    <language>it</language>
    <update_url>https://raw.githubusercontent.com/Zanzibar82/plugin.video.streamondemand/master/channels/playcinema.py</update_url>
    <active>true</active>
    <include_in_global_search>true</include_in_global_search>
    <version>8</version>
    <adult>false</adult>
    <date>04/05/2016</date>
    <changes>drzer0 cloudflare fix</changes>
    <categories>
        <category>movie</category>
    </categories>
</channel>


<channel>
    <id>portalehd</id>
    <name>PortaleHD</name>
    <language>it</language>
    <update_url>https://raw.githubusercontent.com/Zanzibar82/plugin.video.streamondemand/master/channels/portalehd.py</update_url>
    <active>true</active>
    <include_in_global_search>true</include_in_global_search>
    <version>14</version>
    <adult>false</adult>
    <date>05/05/2016</date>
    <changes>small fix</changes>
    <categories>
        <category>movie</category>
        <category>serie</category>
        <category>anime</category>
    </categories>
</channel>

<channel>
    <id>programmazione</id>
    <name>Corsi Programmazione</name>
    <language>it</language>
    <update_url>https://raw.githubusercontent.com/Zanzibar82/plugin.video.streamondemand/master/channels/programmazione.py</update_url>
    <active>true</active>
    <include_in_global_search>true</include_in_global_search>
    <version>2</version>
    <adult>false</adult>
    <date>11/05/2016</date>
    <changes>Update programmazione</changes>
    <categories>
        <category>Didattica</category>
    </categories>
</channel>

<channel>
    <id>ricettevideo</id>
    <name>Ricettevideo</name>
    <language>it</language>
    <update_url>https://raw.githubusercontent.com/Zanzibar82/plugin.video.streamondemand/master/channels/ricettevideo.py</update_url>
    <active>true</active>
    <include_in_global_search>false</include_in_global_search>
    <version>2</version>
    <adult>false</adult>
    <date>07/05/2016</date>
    <changes>small fix</changes>
    <categories>
        <category>Documentaries</category>
    </categories>
</channel>


<channel>
    <id>saghe</id>
    <name>Saghe</name>
    <language>it</language>
    <update_url>https://raw.githubusercontent.com/Zanzibar82/plugin.video.streamondemand/master/channels/saghe.py</update_url>
    <active>true</active>
    <include_in_global_search>false</include_in_global_search>
    <version>4</version>
    <adult>false</adult>
    <date>21/02/2016</date>
    <changes>Changed API</changes>
</channel>


<channel>
    <id>saintseiya</id>
    <name>Saint Seiya</name>
    <language>it</language>
    <update_url>https://raw.githubusercontent.com/Zanzibar82/plugin.video.streamondemand/master/channels/saintseiya.py</update_url>
    <active>true</active>
    <include_in_global_search>false</include_in_global_search>
    <version>4</version>
    <adult>false</adult>
    <date>28/10/2015</date>
    <changes>Canale dedicato ai Cavalieri dello Zodiaco</changes>
    <categories>
        <category>anime</category>
    </categories>
</channel>


<channel>
    <id>scambioetico</id>
    <name>Scambioetico</name>
    <language>it</language>
    <update_url>https://raw.githubusercontent.com/Zanzibar82/plugin.video.streamondemand/master/channels/scambioetico.py</update_url>
    <active>true</active>
    <include_in_global_search>false</include_in_global_search>
    <version>12</version>
    <adult>false</adult>
    <date>04/05/2016</date>
    <changes>Fix magnet + channel update</changes>
    <categories>
        <category>movie</category>
    </categories>
</channel>

<channel>
    <id>scambiofile</id>
    <name>Scambiofile</name>
    <language>it</language>
    <update_url>https://raw.githubusercontent.com/Zanzibar82/plugin.video.streamondemand/master/channels/scambiofile.py</update_url>
    <active>true</active>
    <include_in_global_search>true</include_in_global_search>
    <version>2</version>
    <adult>false</adult>
    <date>10/05/2016</date>
    <changes>Fixed magnet</changes>
    <categories>
        <category>movie</category>
    </categories>
</channel>

<channel>
    <id>seriehd</id>
    <name>Serie HD</name>
    <language>it</language>
    <update_url>https://raw.githubusercontent.com/Zanzibar82/plugin.video.streamondemand/master/channels/seriehd.py</update_url>
    <active>true</active>
    <include_in_global_search>true</include_in_global_search>
    <version>24</version>
    <adult>false</adult>
    <date>28/04/2016</date>
    <changes>robalo cleanup code and drzer0 cloudflare fix</changes>
    <categories>
        <category>serie</category>
    </categories>
</channel>


<channel>
    <id>serietvsubita</id>
    <name>Serie TV Sub ITA</name>
    <language>it</language>
    <update_url>https://raw.githubusercontent.com/Zanzibar82/plugin.video.streamondemand/master/channels/serietvsubita.py</update_url>
    <active>true</active>
    <include_in_global_search>true</include_in_global_search>
    <version>4</version>
    <adult>false</adult>
    <date>12/04/2016</date>
    <changes>Add TMDB</changes>
    <categories>
        <category>serie</category>
        <category>vos</category>
    </categories>
</channel>


<channel>
    <id>solostreaming</id>
    <name>Solo-Streaming</name>
    <language>it</language>
    <update_url>https://raw.githubusercontent.com/Zanzibar82/plugin.video.streamondemand/master/channels/solostreaming.py</update_url>
    <active>true</active>
    <include_in_global_search>true</include_in_global_search>
    <version>6</version>
    <adult>false</adult>
    <date>05/04/2016</date>
    <changes>TMDB - update</changes>
    <categories>
        <category>movie</category>
        <category>serie</category>
        <category>anime</category>
        <category>documentaries</category>
    </categories>
</channel>


<channel>
    <id>southparkita</id>
    <name>SouthParkITA Streaming</name>
    <language>it</language>
    <update_url>https://raw.githubusercontent.com/Zanzibar82/plugin.video.streamondemand/master/channels/southparkita.py</update_url>
    <active>true</active>
    <include_in_global_search>true</include_in_global_search>
    <version>2</version>
    <adult>false</adult>
    <date>22/10/2015</date>
    <changes>added channel</changes>
    <categories>
        <category>serie</category>
        <category>anime</category>
    </categories>
</channel>


<channel>
    <id>streamblog</id>
    <name>StreamBlog</name>
    <language>it</language>
    <update_url>https://raw.githubusercontent.com/Zanzibar82/plugin.video.streamondemand/master/channels/streamblog.py</update_url>
    <active>true</active>
    <include_in_global_search>true</include_in_global_search>
    <version>6</version>
    <adult>false</adult>
    <date>28/08/2015</date>
    <changes>Prima versione di Pelisalacarta 4</changes>
    <categories>
        <category>movie</category>
        <category>serie</category>
        <category>anime</category>
    </categories>
</channel>


<channel>
    <id>streaming01</id>
    <name>Streaming01</name>
    <language>it</language>
    <update_url>https://raw.githubusercontent.com/Zanzibar82/plugin.video.streamondemand/master/channels/streaming01.py</update_url>
    <active>true</active>
    <include_in_global_search>true</include_in_global_search>
    <version>9</version>
    <adult>false</adult>
    <date>10/04/2016</date>
    <changes>Added TMDB</changes>
    <categories>
        <category>movie</category>
    </categories>
</channel>


<channel>
    <id>streamingpopcorn</id>
    <name>StreamingPopcorn</name>
    <language>it</language>
    <update_url>https://raw.githubusercontent.com/Zanzibar82/plugin.video.streamondemand/master/channels/streamingpopcorn.py</update_url>
    <active>true</active>
    <include_in_global_search>false</include_in_global_search>
    <version>6</version>
    <adult>false</adult>
    <date>05/05/2016</date>
    <changes>Small fix</changes>
    <categories>
        <category>movie</category>
    </categories>
</channel>


<channel>
    <id>strfilm</id>
    <name>Strfilm</name>
    <language>it</language>
    <update_url>https://raw.githubusercontent.com/Zanzibar82/plugin.video.streamondemand/master/channels/strfilm.py</update_url>
    <active>true</active>
    <include_in_global_search>true</include_in_global_search>
    <version>7</version>
    <adult>false</adult>
    <date>30/04/2016</date>
    <changes>fixed patron</changes>
    <categories>
        <category>movie</category>
    </categories>
</channel>


<channel>
    <id>tantifilm</id>
    <name>Tantifilm</name>
    <language>it</language>
    <update_url>https://raw.githubusercontent.com/Zanzibar82/plugin.video.streamondemand/master/channels/tantifilm.py</update_url>
    <active>true</active>
    <include_in_global_search>true</include_in_global_search>
    <version>12</version>
    <adult>false</adult>
    <date>27/05/2015</date>
    <changes>New host</changes>
    <categories>
        <category>movie</category>
        <category>serie</category>
    </categories>
</channel>


<channel>
    <id>tenentecolombo</id>
    <name>tenentecolombo</name>
    <language>it</language>
    <update_url>https://raw.githubusercontent.com/Zanzibar82/plugin.video.streamondemand/master/channels/tenentecolombo.py</update_url>
    <active>true</active>
    <include_in_global_search>false</include_in_global_search>
    <version>5</version>
    <adult>false</adult>
    <date>20/03/2016</date>
    <changes>Switched to openload</changes>
    <categories>
        <category>Serie</category>
    </categories>
</channel>


<channel>
    <id>tengourl</id>
    <name>TengoUrL</name>
    <language>it</language>
    <update_url>https://raw.githubusercontent.com/Zanzibar82/plugin.video.streamondemand/master/channels/tengourl.py</update_url>
    <active>true</active>
    <include_in_global_search>true</include_in_global_search>
    <version>1</version>
    <adult>false</adult>
    <date>28/08/2015</date>
    <changes>Prima versione di Pelisalacarta 4</changes>
    <categories>
        <category>movie</category>
        <category>serie</category>
        <category>anime</category>
        <category>vos</category>
        <category>Documentaries</category>
    </categories>
</channel>


<channel>
    <id>toonitalia</id>
    <name>toonitalia</name>
    <language>it</language>
    <update_url>https://raw.githubusercontent.com/Zanzibar82/plugin.video.streamondemand/master/channels/toonitalia.py</update_url>
    <active>true</active>
    <include_in_global_search>false</include_in_global_search>
    <version>10</version>
    <adult>false</adult>
    <date>20/04/2016</date>
    <changes>Fixed episodes patron</changes>
    <categories>
        <category>Anime</category>
    </categories>
</channel>


<channel>
    <id>vediserie</id>
    <name>VediSerie</name>
    <language>it</language>
    <update_url>https://raw.githubusercontent.com/Zanzibar82/plugin.video.streamondemand/master/channels/vediserie.py</update_url>
    <active>true</active>
    <include_in_global_search>true</include_in_global_search>
    <version>8</version>
    <adult>false</adult>
    <date>04/05/2015</date>
    <changes>drzer0 cloudflare fix</changes>
    <categories>
        <category>serie</category>
    </categories>
</channel>


<channel>
    <id>youtube</id>
    <name>Ricerca su Youtube</name>
    <language>it</language>
    <update_url>https://raw.githubusercontent.com/Zanzibar82/plugin.video.streamondemand/master/channels/youtube.py</update_url>
    <active>true</active>
    <include_in_global_search>true</include_in_global_search>
    <version>3</version>
    <adult>false</adult>
    <date>03/09/2015</date>
    <changes>Cambio viewmode</changes>
    <categories>
        <category>movie</category>
        <category>anime</category>
        <category>documentaries</category>
        <category>series</category>		
    </categories>
</channel>


</channels>
