<?xml version='1.0' encoding='UTF-8'?>
<shortcuts>
    <shortcut>
        <label>10040</label>
        <label2>24001</label2>
        <icon>special://skin/extras/icons/addons.png</icon>
        <action>ActivateWindow(addonbrowser)</action>
    </shortcut>
    <shortcut>
        <label>24998</label>
        <label2>24001</label2>
        <icon>special://skin/extras/icons/addons_installed.png</icon>
        <action>ActivateWindow(addonbrowser,addons://user/,return)</action>
    </shortcut>	
    <shortcut>
        <label>24043</label>
        <label2>24001</label2>
        <icon>special://skin/extras/icons/update-available.png</icon>
        <action>ActivateWindow(addonbrowser,addons://outdated/,return)</action>
    </shortcut>	
    <shortcut>
        <label>24033</label>
        <label2>24001</label2>
        <icon>special://skin/extras/icons/install_repos.png</icon>
        <action>ActivateWindow(addonbrowser,addons://repos/,return)</action>
    </shortcut>	
    <shortcut>
        <label>137</label>
        <label2>24001</label2>
        <icon>special://skin/extras/icons/tv-search.png</icon>
        <action>ActivateWindow(addonbrowser,addons://search/,return)</action>
    </shortcut>						
</shortcuts>
