{
    "channel": {
        "id": "altadefinizioneclub",
        "name": "Altadefinizioneclub",
        "active": true,
        "adult": false,
        "category": [
                     "movie"
                    ],
        "language": "it",
        "thumbnail": "http://altadefinizione.club/wp-content/themes/altedefinizioni/images/logo-alte.png",
        "fanart": "",
        "bannermenu": "http://altadefinizione.club/wp-content/themes/altedefinizioni/images/logo-alte.png",
        "update_url": "https://raw.githubusercontent.com/streamondemand/plugin.video.streamondemand/master/channels/altadefinizioneclub.xml",
        "version": "1",
        "changes": "new channel",
        "date": "13/09/2016"
   },
   "settings": {
        "include_in_global_search": true
   }
}