<?xml version="1.0" encoding="utf-8" standalone="yes"?>
<channel>
	<id>altadefinizioneclick</id>
	<name>Altadefizioneclick</name>

	<active>true</active>
	<adult>false</adult>
	<language>it</language>

	<fanart></fanart>
	<thumbnail>https://raw.githubusercontent.com/Zanzibar82/images/master/posters/altadefinizioneclick.png</thumbnail>
	<bannermenu>https://raw.githubusercontent.com/Zanzibar82/images/master/posters/altadefinizioneciclk.png</bannermenu>

	<update_url>https://raw.githubusercontent.com/streamondemand/plugin.video.streamondemand/master/channels/</update_url>
	<version>5</version>
	<date>06/09/2016</date>
	<changes>Fix Host</changes>

	<categories>
		<category>movie</category>
		<category>vos</category>
	</categories>

	<settings>
		<include_in_global_search>true</include_in_global_search>
	</settings>
</channel>
