<?xml version="1.0" encoding="utf-8" standalone="yes"?>
<channel>
	<id>altadefinizioneclub</id>
	<name>Altadefizioneclub</name>

	<active>true</active>
	<adult>false</adult>
	<language>it</language>

	<fanart></fanart>
	<thumbnail>http://altadefinizione.club/wp-content/themes/altedefinizioni/images/logo-alte.png</thumbnail>
	<bannermenu>http://altadefinizione.club/wp-content/themes/altedefinizioni/images/logo-alte.png</bannermenu>

	<update_url>https://raw.githubusercontent.com/streamondemand/plugin.video.streamondemand/master/channels/</update_url>
	<version>1</version>
	<date>13/09/2016</date>
	<changes>new channel</changes>

	<categories>
		<category>movie</category>
	</categories>

	<settings>
		<include_in_global_search>true</include_in_global_search>
	</settings>
</channel>
