{
    "channel": {
        "id": "animevision",
        "name": "Animevision",
        "active": true,
        "adult": false,
        "category": [
                     "anime"
                    ],
        "language": "it",
        "thumbnail": "http://animevision.altervista.org/images/logo.png",
        "fanart": "",
        "bannermenu": "http://animevision.altervista.org/images/logo.png",
        "update_url": "https://raw.githubusercontent.com/streamondemand/plugin.video.streamondemand/master/channels/animevision.xml",
        "version": "1",
        "changes": "new channel",
        "date": "15/09/2016"
   },
   "settings": {
        "include_in_global_search": true
   }
}