<?xml version="1.0" encoding="utf-8" standalone="yes"?>
<channel>
	<id>animevision</id>
	<name>Animevision</name>

	<active>true</active>
	<adult>false</adult>
	<language>it</language>

	<fanart></fanart>
	<thumbnail>http://animevision.altervista.org/images/logo.png</thumbnail>
	<bannermenu>http://animevision.altervista.org/images/logo.png</bannermenu>

	<update_url>https://raw.githubusercontent.com/streamondemand/plugin.video.streamondemand/master/channels/</update_url>
	<version>1</version>
	<date>15/09/2016</date>
	<changes>new channel</changes>

	<categories>
		<category>anime</category>

	</categories>

	<settings>
		<include_in_global_search>true</include_in_global_search>
	</settings>
</channel>