<?xml version="1.0" encoding="utf-8" standalone="yes"?>
<channel>
	<id>cinemalibero</id>
	<name>Cinemalibero</name>

	<active>true</active>
	<adult>false</adult>
	<language>it</language>

	<fanart></fanart>
	<thumbnail>http://i.imgur.com/xuz7YWR.png</thumbnail>
	<bannermenu>http://i.imgur.com/xuz7YWR.png</bannermenu>

	<update_url>https://raw.githubusercontent.com/streamondemand/plugin.video.streamondemand/master/channels/</update_url>
	<version>1</version>
	<date>16/06/2016</date>
	<changes>update</changes>

	<categories>
		<category>movie</category>
        <category>serie</category>
		<category>anime</category>
	</categories>

	<settings>
		<include_in_global_search>true</include_in_global_search>
	</settings>
</channel>
