{
    "channel": {
        "id": "corsaro",
        "name": "Corsaro Nero",
        "active": true,
        "adult": false,
        "category": [
                     "torrent"
                    ],
        "language": "it",
        "thumbnail": "http://s.ilcorsaronero.info/images/h_logo.gif",
        "fanart": "",
        "bannermenu": "http://s.ilcorsaronero.info/images/h_logo.gif",
        "update_url": "https://raw.githubusercontent.com/streamondemand/plugin.video.streamondemand/master/channels/corsaronero.xml",
        "version": "4",
        "changes": "update",
        "date": "26/06/2016"
   },
   "settings": {
        "include_in_global_search": true
   }
}
