{
    "channel": {
        "id": "eurostreaminginfo",
        "name": "eurostreaminginfo",
        "active": true,
        "adult": false,
        "category": [
                     "movie",
                     "serie"
                    ],
        "language": "it",
        "thumbnail": "http://eurostreaming.info/wp-content/uploads/2014/03/logo-e1423479492469.png",
        "fanart": "",
        "bannermenu": "http://eurostreaming.info/wp-content/uploads/2014/03/logo-e1423479492469.png",
        "update_url": "https://raw.githubusercontent.com/streamondemand/plugin.video.streamondemand/master/channels/eurostreaminginfo.xml",
        "version": "1",
        "changes": "update",
        "date": "26/06/2016"
   },
   "settings": {
        "include_in_global_search": true
   }
}