{
    "channel": {
        "id": "guardaserie",
        "name": "Guardaserie",
        "active": true,
        "adult": false,
        "category": [
                     "serie",
                     "top channels",
                     "anime"
                    ],
        "language": "it",
        "thumbnail": "https://raw.githubusercontent.com/Zanzibar82/images/master/posters/guardaserie.png",
        "fanart": "",
        "bannermenu": "https://raw.githubusercontent.com/Zanzibar82/images/master/posters/guardaserie.png",
        "update_url": "https://raw.githubusercontent.com/streamondemand/plugin.video.streamondemand/master/channels/guardaserie.xml",
        "version": "3",
        "changes": "update",
        "date": "16/09/2016"
   },
   "settings": {
        "include_in_global_search": true
   }
}
