{
    "channel": {
        "id": "iluvanime",
        "name": "Iluvanime",
        "active": true,
        "adult": false,
        "category": [
                     "anime"
                    ],
        "language": "it",
        "thumbnail": "http://www.iluvanime.net/images/logosmall.png",
        "fanart": "",
        "bannermenu": "http://www.iluvanime.net/images/logosmall.png",
        "update_url": "https://raw.githubusercontent.com/streamondemand/plugin.video.streamondemand/master/channels/iluvanime.xml",
        "version": "1",
        "changes": "update",
        "date": "26/06/2016"
   },
   "settings": {
        "include_in_global_search": true
   }
}
