{
    "channel": {
        "id": "italiafilmvideohd",
        "name": "ItaliaFilm.Video HD",
        "active": true,
        "adult": false,
        "category": [
                     "movie"
                    ],
        "language": "it",
        "thumbnail": "http://www.italiafilm.video/wp-content/uploads/2015/11/ITALIAFILM-HD-logo.png",
        "fanart": "",
        "bannermenu": "http://www.italiafilm.video/wp-content/uploads/2015/11/ITALIAFILM-HD-logo.png",
        "update_url": "https://raw.githubusercontent.com/streamondemand/plugin.video.streamondemand/master/channels/italiafilmvideohd.xml",
        "version": "5",
        "changes": "update",
        "date": "26/06/2016"
   },
   "settings": {
        "include_in_global_search": true
   }
}
