{
    "channel": {
        "id": "italiafilm",
        "name": "Italia-Film.co",
        "active": true,
        "adult": false,
        "category": [
                     "movie",
                     "serie",
                     "top channels",
                     "anime"
                    ],
        "language": "it",
        "thumbnail": "https://raw.githubusercontent.com/Zanzibar82/images/master/posters/italiafilm.png",
        "fanart": "",
        "bannermenu": "https://raw.githubusercontent.com/Zanzibar82/images/master/posters/italiafilm.png",
        "update_url": "https://raw.githubusercontent.com/streamondemand/plugin.video.streamondemand/master/channels/italiafilm.xml",
        "version": "2",
        "changes": "recoded by giledad",
        "date": "26/08/2016"
   },
   "settings": {
        "include_in_global_search": true
   }
}
