{
    "channel": {
        "id": "itastreaming",
        "name": "ItaStreaming",
        "active": true,
        "adult": false,
        "category": [
                    "movie"
                    ],
        "language": "it",
        "thumbnail": "https://raw.githubusercontent.com/Zanzibar82/images/master/posters/itastreaming.png",
        "fanart": "",
        "bannermenu": "https://raw.githubusercontent.com/Zanzibar82/images/master/posters/itastreaming.png",
        "update_url": "https://raw.githubusercontent.com/streamondemand/plugin.video.streamondemand/master/channels/itastreaming.xml",
        "version": "4",
        "changes": "update",
        "date": "26/06/2016"
   },
   "settings": {
        "include_in_global_search": true
   }
}
