{
    "channel": {
        "id": "mondolunatico",
        "name": "Mondo Lunatico",
        "active": true,
        "adult": false,
        "category": [
                     "movie",
                     "top channels"
                    ],
        "language": "it",
        "thumbnail": "http://mondolunatico.altervista.org/blog/wp-content/uploads/2013/05/images-11.jpg",
        "fanart": "",
        "bannermenu": "http://mondolunatico.altervista.org/blog/wp-content/uploads/2013/05/images-11.jpg",
        "update_url": "https://raw.githubusercontent.com/streamondemand/plugin.video.streamondemand/master/channels/mondolunatico.xml",
        "version": "3",
        "changes": "update",
        "date": "26/06/2016"
   },
   "settings": {
        "include_in_global_search": true
   }
}
