
<?xml version="1.0" encoding="utf-8" standalone="yes"?>
<channel>
	<id>mondolunatico</id>
	<name>Mondo Lunatico</name>

	<active>true</active>
	<adult>false</adult>
	<language>it</language>

	<fanart></fanart>
	<thumbnail>http://mondolunatico.altervista.org/blog/wp-content/uploads/2013/05/images-11.jpg</thumbnail>
	<bannermenu>http://mondolunatico.altervista.org/blog/wp-content/uploads/2013/05/images-11.jpg</bannermenu>

	<update_url>https://raw.githubusercontent.com/streamondemand/plugin.video.streamondemand/master/channels/</update_url>
	<version>3</version>
	<date>22/06/2016</date>
	<changes>update</changes>

	<categories>
		<category>movie</category>
		<category>top channels</category>
	</categories>

	<settings>
		<include_in_global_search>true</include_in_global_search>
	</settings>
</channel>
