
<?xml version="1.0" encoding="utf-8" standalone="yes"?>
<channel>
	<id>programmazione</id>
	<name>Programmazione</name>

	<active>true</active>
	<adult>false</adult>
	<language>it</language>

	<fanart></fanart>
	<thumbnail>http://www.smartworld.it/wp-content/uploads/2015/02/codice-code-programmazione-fhd-720x480.png</thumbnail>
	<bannermenu>http://www.smartworld.it/wp-content/uploads/2015/02/codice-code-programmazione-fhd-720x480.png</bannermenu>

	<update_url>https://raw.githubusercontent.com/streamondemand/plugin.video.streamondemand/master/channels/</update_url>
	<version>1</version>
	<date>22/06/2016</date>
	<changes>update</changes>

	<categories>
		<category>documentary</category>
	</categories>

	<settings>
		<include_in_global_search>true</include_in_global_search>
	</settings>
</channel>