{
    "channel": {
        "id": "ricettevideo",
        "name": "Ricette Video",
        "active": true,
        "adult": false,
        "category": [
                     "documentary"
                    ],
        "language": "it",
        "thumbnail": "http://ricettevideo.net/wp-content/uploads/2013/08/Ricette-Video-Logo.png",
        "fanart": "",
        "bannermenu": "http://ricettevideo.net/wp-content/uploads/2013/08/Ricette-Video-Logo.png",
        "update_url": "https://raw.githubusercontent.com/streamondemand/plugin.video.streamondemand/master/channels/ricettevideo.xml",
        "version": "1",
        "changes": "update",
        "date": "26/06/2016"
   },
   "settings": {
        "include_in_global_search": true
   }
}