{
    "channel": {
        "id": "scambiofile",
        "name": "Scambiofile",
        "active": true,
        "adult": false,
        "category": [
                     "torrent"
                    ],
        "language": "it",
        "thumbnail": "http://scambiofile.info/themes/default/images/logo.png",
        "fanart": "",
        "bannermenu": "http://scambiofile.info/themes/default/images/logo.png",
        "update_url": "https://raw.githubusercontent.com/streamondemand/plugin.video.streamondemand/master/channels/scambiofile.xml",
        "version": "1",
        "changes": "update",
        "date": "26/06/2016"
   },
   "settings": {
        "include_in_global_search": true
   }
}