{
    "channel": {
        "id": "solostreaming",
        "name": "Solo Streaming",
        "active": true,
        "adult": false,
        "category": [
                     "serie",
                     "top channels",
                     "anime"
                    ],
        "language": "it",
        "thumbnail": "http://solo-streaming.com/images/sod/logo_solo_streaming.png",
        "fanart": "",
        "bannermenu": "http://solo-streaming.com/images/sod/logo_solo_streaming.png",
        "update_url": "https://raw.githubusercontent.com/streamondemand/plugin.video.streamondemand/master/channels/solostreaming.xml",
        "version": "1",
        "changes": "update",
        "date": "26/06/2016"
   },
   "settings": {
        "include_in_global_search": true
   }
}
