{
    "channel": {
        "id": "streamingpopcorn",
        "name": "StreamingPocorn",
        "active": true,
        "adult": false,
        "category": [
                     "movie"
                    ],
        "language": "it",
        "thumbnail": "http://streamingpopcorn.com/portal/images/logo2.png",
        "fanart": "",
        "bannermenu": "http://streamingpopcorn.com/portal/images/logo2.png",
        "update_url": "https://raw.githubusercontent.com/streamondemand/plugin.video.streamondemand/master/channels/streamingpopcorn.xml",
        "version": "1",
        "changes": "update",
        "date": "26/06/2016"
   },
   "settings": {
        "include_in_global_search": true
   }
}