{
    "channel": {
        "id": "strfilm",
        "name": "Strfilm",
        "active": true,
        "adult": false,
        "category": [
                     "movie"
                    ],
        "language": "it",
        "thumbnail": "http://imgur.com/qekZtQal.png",
        "fanart": "",
        "bannermenu": "http://imgur.com/qekZtQal.png",
        "update_url": "https://raw.githubusercontent.com/streamondemand/plugin.video.streamondemand/master/channels/strfilm.xml",
        "version": "1",
        "changes": "update",
        "date": "26/06/2016"
   },
   "settings": {
        "include_in_global_search": true
   }
}