{
    "channel": {
        "id": "tenentecolombo",
        "name": "Tenente Colombo Streaming",
        "active": true,
        "adult": false,
        "category": [
                     "serie"
                    ],
        "language": "it",
        "thumbnail": "http://biografieonline.it/img/bio/p/Peter_Falk.jpg",
        "fanart": "",
        "bannermenu": "http://biografieonline.it/img/bio/p/Peter_Falk.jpg",
        "update_url": "https://raw.githubusercontent.com/streamondemand/plugin.video.streamondemand/master/channels/tenentecolombo.xml",
        "version": "1",
        "changes": "update",
        "date": "26/06/2016"
   },
   "settings": {
        "include_in_global_search": true
   }
}