{
    "channel": {
        "id": "vediserie",
        "name": "VediSerie",
        "active": true,
        "adult": false,
        "category": [
                     "serie",
                     "top channels"
                    ],
        "language": "it",
        "thumbnail": "http://www.vediserie.com/wp-content/uploads/2015/09/logo-vediseriea.png",
        "fanart": "",
        "bannermenu": "http://www.vediserie.com/wp-content/uploads/2015/09/logo-vediseriea.png",
        "update_url": "https://raw.githubusercontent.com/streamondemand/plugin.video.streamondemand/master/channels/vediserie.xml",
        "version": "1",
        "changes": "update",
        "date": "26/06/2016"
   },
   "settings": {
        "include_in_global_search": true
   }
}
