<?xml version="1.0" encoding="utf-8" standalone="yes"?>
<channel>
    <id>streamingpopcorn</id>
    <name>StreamingPopcorn</name>

    <active>true</active>
    <adult>false</adult>
    <language>it</language>

    <fanart></fanart>
    <thumbnail>http://streamingpopcorn.com/portal/images/logo2.png</thumbnail>
    <bannermenu>http://streamingpopcorn.com/portal/images/logo2.png</bannermenu>

    <update_url>https://raw.githubusercontent.com/streamondemand/plugin.video.streamondemand/master/channels/
    </update_url>
    <version>1</version>
    <date>22/06/2016</date>
    <changes>update</changes>

    <categories>
        <category>movie</category>
    </categories>

    <settings>
        <id>include_in_global_search</id>
        <type>bool</type>
        <label>Includi ricerca globale</label>
		<default>false</default>
		<enabled>false</enabled>
		<visible>false</visible>
    </settings>
</channel>
