<?xml version="1.0" encoding="utf-8" standalone="yes"?>
<channel>
	<id>filmstreampw</id>
	<name>Filmstreampw</name>

	<active>true</active>
	<adult>false</adult>
	<language>it</language>

	<fanart></fanart>
	<thumbnail>https://raw.githubusercontent.com/Zanzibar82/images/master/posters/filmstreampw.png</thumbnail>
	<bannermenu>https://raw.githubusercontent.com/Zanzibar82/images/master/posters/filmstreampw.png</bannermenu>

	<update_url>https://raw.githubusercontent.com/streamondemand/plugin.video.streamondemand/master/channels/</update_url>
	<version>4</version>
	<date>16/06/2016</date>
	<changes>update</changes>

	<categories>
		<category>movie</category>
	</categories>

	<settings>
		<id>include_in_global_search</id>
		<type>bool</type>
		<label>Includi ricerca globale</label>
		<default>true</default>
		<enabled>true</enabled>
		<visible>true</visible>
	</settings>
</channel>
