<?xml version="1.0" encoding="utf-8" standalone="yes"?>
<channel>
    <id>southparkita</id>
    <name>SoutparkITA Steaming</name>

    <active>false</active>
    <adult>false</adult>
    <language>it</language>

    <fanart></fanart>
    <thumbnail>http://southparkita.altervista.org/wp-content/media/south-park500.png</thumbnail>
    <bannermenu>http://southparkita.altervista.org/wp-content/media/south-park500.png</bannermenu>

    <update_url>https://raw.githubusercontent.com/streamondemand/plugin.video.streamondemand/master/channels/
    </update_url>
    <version>2</version>
    <date>22/06/2016</date>
    <changes>update</changes>

    <categories>
        <category>serie</category>
    </categories>

    <settings>
        <id>include_in_global_search</id>
        <type>bool</type>
        <label>Includi ricerca globale</label>
        <default>true</default>
        <enabled>true</enabled>
        <visible>true</visible>
    </settings>
</channel>
