<?xml version="1.0" encoding="utf-8" standalone="yes"?>
<channel>
    <id>tenentecolombo</id>
    <name>Tenente Colombo Streaming</name>

    <active>false</active>
    <adult>false</adult>
    <language>it</language>

    <fanart></fanart>
    <thumbnail>http://biografieonline.it/img/bio/p/Peter_Falk.jpg</thumbnail>
    <bannermenu>http://biografieonline.it/img/bio/p/Peter_Falk.jpg</bannermenu>

    <update_url>https://raw.githubusercontent.com/streamondemand/plugin.video.streamondemand/master/channels/
    </update_url>
    <version>6</version>
    <date>22/06/2016</date>
    <changes>update</changes>

    <categories>
        <category>serie</category>
    </categories>

    <settings>
        <id>include_in_global_search</id>
        <type>bool</type>
        <label>Includi ricerca globale</label>
		<default>false</default>
		<enabled>false</enabled>
		<visible>false</visible>
    </settings>
</channel>
