<?xml version="1.0" encoding="UTF-8" standalone="yes"?>
<servers>
<server>
    <id>abysstream</id>
    <update_url>https://raw.githubusercontent.com/Zanzibar82/plugin.video.streamondemand/master/servers/abysstream.py</update_url>
    <active>true</active>
    <version>6</version>
    <date>05/04/2016</date>
    <changes>Aggiornamento server</changes>
</server>

<server>
    <id>adfly</id>
    <update_url>https://raw.githubusercontent.com/Zanzibar82/plugin.video.streamondemand/master/servers/adfly.py</update_url>
    <active>true</active>
    <version>2</version>
    <date>12/09/2015</date>
    <changes>Prima versione di Pelisalacarta 4</changes>
</server>

<server>
    <id>adnstream</id>
    <update_url>https://raw.githubusercontent.com/Zanzibar82/plugin.video.streamondemand/master/servers/adnstream.py</update_url>
    <active>true</active>
    <version>1</version>
    <date>12/09/2015</date>
    <changes>Prima versione di Pelisalacarta 4</changes>
</server>

<server>
    <id>akstream</id>
    <update_url>https://raw.githubusercontent.com/Zanzibar82/plugin.video.streamondemand/master/servers/akstream.py</update_url>
    <active>true</active>
    <version>5</version>
    <date>12/09/2015</date>
    <changes>Prima versione di Pelisalacarta 4</changes>
</server>

<server>
    <id>alldebrid</id>
    <update_url>https://raw.githubusercontent.com/Zanzibar82/plugin.video.streamondemand/master/servers/alldebrid.py</update_url>
    <active>true</active>
    <version>1</version>
    <date>12/09/2015</date>
    <changes>Prima versione di Pelisalacarta 4</changes>
</server>

<server>
    <id>allmyvideos</id>
    <update_url>https://raw.githubusercontent.com/Zanzibar82/plugin.video.streamondemand/master/servers/allmyvideos.py</update_url>
    <active>true</active>
    <version>1</version>
    <date>12/09/2015</date>
    <changes>Prima versione di Pelisalacarta 4</changes>
</server>

<server>
    <id>backin</id>
    <update_url>https://raw.githubusercontent.com/Zanzibar82/plugin.video.streamondemand/master/servers/backin.py</update_url>
    <active>true</active>
    <version>1</version>
    <date>12/09/2015</date>
    <changes>Prima versione di Pelisalacarta 4</changes>
</server>

<server>
    <id>bitshare</id>
    <update_url>https://raw.githubusercontent.com/Zanzibar82/plugin.video.streamondemand/master/servers/bitshare.py</update_url>
    <active>true</active>
    <version>1</version>
    <date>12/09/2015</date>
    <changes>Prima versione di Pelisalacarta 4</changes>
</server>

<server>
    <id>bliptv</id>
    <update_url>https://raw.githubusercontent.com/Zanzibar82/plugin.video.streamondemand/master/servers/bliptv.py</update_url>
    <active>true</active>
    <version>2</version>
    <date>12/09/2015</date>
    <changes>Prima versione di Pelisalacarta 4</changes>
</server>

<server>
    <id>cineraculo</id>
    <update_url>https://raw.githubusercontent.com/Zanzibar82/plugin.video.streamondemand/master/servers/cineraculo.py</update_url>
    <active>true</active>
    <version>1</version>
    <date>12/09/2015</date>
    <changes>Prima versione di Pelisalacarta 4</changes>
</server>

<server>
    <id>cloudifer</id>
    <update_url>https://raw.githubusercontent.com/Zanzibar82/plugin.video.streamondemand/master/servers/cloudifer.py</update_url>
    <active>true</active>
    <version>1</version>
    <date>17/09/2015</date>
    <changes>Prima versione di Pelisalacarta 4</changes>
</server>

<server>
    <id>cloudzer</id>
    <update_url>https://raw.githubusercontent.com/Zanzibar82/plugin.video.streamondemand/master/servers/cloudzer.py</update_url>
    <active>true</active>
    <version>1</version>
    <date>12/09/2015</date>
    <changes>Prima versione di Pelisalacarta 4</changes>
</server>

<server>
    <id>cloudzilla</id>
    <update_url>https://raw.githubusercontent.com/Zanzibar82/plugin.video.streamondemand/master/servers/cloudzilla.py</update_url>
    <active>true</active>
    <version>1</version>
    <date>12/09/2015</date>
    <changes>Prima versione di Pelisalacarta 4</changes>
</server>

<server>
    <id>cramit</id>
    <update_url>https://raw.githubusercontent.com/Zanzibar82/plugin.video.streamondemand/master/servers/cramit.py</update_url>
    <active>true</active>
    <version>1</version>
    <date>12/09/2015</date>
    <changes>Prima versione di Pelisalacarta 4</changes>
</server>

<server>
    <id>cumlouder</id>
    <update_url>https://raw.githubusercontent.com/Zanzibar82/plugin.video.streamondemand/master/servers/cumlouder.py</update_url>
    <active>true</active>
    <version>1</version>
    <date>12/09/2015</date>
    <changes>Prima versione di Pelisalacarta 4</changes>
</server>

<server>
    <id>dailymotion</id>
    <update_url>https://raw.githubusercontent.com/Zanzibar82/plugin.video.streamondemand/master/servers/dailymotion.py</update_url>
    <active>true</active>
    <version>1</version>
    <date>12/09/2015</date>
    <changes>Prima versione di Pelisalacarta 4</changes>
</server>

<server>
    <id>depositfiles</id>
    <update_url>https://raw.githubusercontent.com/Zanzibar82/plugin.video.streamondemand/master/servers/depositfiles.py</update_url>
    <active>true</active>
    <version>1</version>
    <date>12/09/2015</date>
    <changes>Prima versione di Pelisalacarta 4</changes>
</server>

<server>
    <id>directo</id>
    <update_url>https://raw.githubusercontent.com/Zanzibar82/plugin.video.streamondemand/master/servers/directo.py</update_url>
    <active>true</active>
    <version>1</version>
    <date>12/09/2015</date>
    <changes>Prima versione di Pelisalacarta 4</changes>
</server>

<server>
    <id>divxstage</id>
    <update_url>https://raw.githubusercontent.com/Zanzibar82/plugin.video.streamondemand/master/servers/divxstage.py</update_url>
    <active>true</active>
    <version>1</version>
    <date>12/09/2015</date>
    <changes>Prima versione di Pelisalacarta 4</changes>
</server>

<server>
    <id>documentary</id>
    <update_url>https://raw.githubusercontent.com/Zanzibar82/plugin.video.streamondemand/master/servers/documentary.py</update_url>
    <active>true</active>
    <version>1</version>
    <date>12/09/2015</date>
    <changes>Prima versione di Pelisalacarta 4</changes>
</server>

<server>
    <id>exashare</id>
    <update_url>https://raw.githubusercontent.com/Zanzibar82/plugin.video.streamondemand/master/servers/exashare.py</update_url>
    <active>true</active>
    <version>4</version>
    <date>31/10/2015</date>
    <changes>Fix Cavalieri dZ</changes>
</server>

<server>
    <id>extabit</id>
    <update_url>https://raw.githubusercontent.com/Zanzibar82/plugin.video.streamondemand/master/servers/extabit.py</update_url>
    <active>true</active>
    <version>1</version>
    <date>12/09/2015</date>
    <changes>Prima versione di Pelisalacarta 4</changes>
</server>

<server>
    <id>facebook</id>
    <update_url>https://raw.githubusercontent.com/Zanzibar82/plugin.video.streamondemand/master/servers/facebook.py</update_url>
    <active>true</active>
    <version>1</version>
    <date>12/09/2015</date>
    <changes>Prima versione di Pelisalacarta 4</changes>
</server>

<server>
    <id>fakingstv</id>
    <update_url>https://raw.githubusercontent.com/Zanzibar82/plugin.video.streamondemand/master/servers/fakingstv.py</update_url>
    <active>true</active>
    <version>1</version>
    <date>12/09/2015</date>
    <changes>Prima versione di Pelisalacarta 4</changes>
</server>

<server>
    <id>fastvideo</id>
    <update_url>https://raw.githubusercontent.com/Zanzibar82/plugin.video.streamondemand/master/servers/fastvideo.py</update_url>
    <active>true</active>
    <version>3</version>
    <date>12/09/2015</date>
    <changes>Prima versione di Pelisalacarta 4</changes>
</server>

<server>
    <id>fiberupload</id>
    <update_url>https://raw.githubusercontent.com/Zanzibar82/plugin.video.streamondemand/master/servers/fiberupload.py</update_url>
    <active>true</active>
    <version>1</version>
    <date>12/09/2015</date>
    <changes>Prima versione di Pelisalacarta 4</changes>
</server>

<server>
    <id>filebox</id>
    <update_url>https://raw.githubusercontent.com/Zanzibar82/plugin.video.streamondemand/master/servers/filebox.py</update_url>
    <active>true</active>
    <version>1</version>
    <date>12/09/2015</date>
    <changes>Prima versione di Pelisalacarta 4</changes>
</server>

<server>
    <id>filefactory</id>
    <update_url>https://raw.githubusercontent.com/Zanzibar82/plugin.video.streamondemand/master/servers/filefactory.py</update_url>
    <active>true</active>
    <version>1</version>
    <date>12/09/2015</date>
    <changes>Prima versione di Pelisalacarta 4</changes>
</server>

<server>
    <id>fileflyer</id>
    <update_url>https://raw.githubusercontent.com/Zanzibar82/plugin.video.streamondemand/master/servers/fileflyer.py</update_url>
    <active>true</active>
    <version>1</version>
    <date>12/09/2015</date>
    <changes>Prima versione di Pelisalacarta 4</changes>
</server>

<server>
    <id>filejungle</id>
    <update_url>https://raw.githubusercontent.com/Zanzibar82/plugin.video.streamondemand/master/servers/filejungle.py</update_url>
    <active>true</active>
    <version>1</version>
    <date>12/09/2015</date>
    <changes>Prima versione di Pelisalacarta 4</changes>
</server>

<server>
    <id>filenium</id>
    <update_url>https://raw.githubusercontent.com/Zanzibar82/plugin.video.streamondemand/master/servers/filenium.py</update_url>
    <active>true</active>
    <version>1</version>
    <date>12/09/2015</date>
    <changes>Prima versione di Pelisalacarta 4</changes>
</server>

<server>
    <id>filereactor</id>
    <update_url>https://raw.githubusercontent.com/Zanzibar82/plugin.video.streamondemand/master/servers/filereactor.py</update_url>
    <active>true</active>
    <version>1</version>
    <date>12/09/2015</date>
    <changes>Prima versione di Pelisalacarta 4</changes>
</server>

<server>
    <id>fileserve</id>
    <update_url>https://raw.githubusercontent.com/Zanzibar82/plugin.video.streamondemand/master/servers/fileserve.py</update_url>
    <active>true</active>
    <version>1</version>
    <date>12/09/2015</date>
    <changes>Prima versione di Pelisalacarta 4</changes>
</server>

<server>
    <id>filesmonster</id>
    <update_url>https://raw.githubusercontent.com/Zanzibar82/plugin.video.streamondemand/master/servers/filesmonster.py</update_url>
    <active>true</active>
    <version>1</version>
    <date>12/09/2015</date>
    <changes>Prima versione di Pelisalacarta 4</changes>
</server>

<server>
    <id>filesonic</id>
    <update_url>https://raw.githubusercontent.com/Zanzibar82/plugin.video.streamondemand/master/servers/filesonic.py</update_url>
    <active>true</active>
    <version>1</version>
    <date>12/09/2015</date>
    <changes>Prima versione di Pelisalacarta 4</changes>
</server>

<server>
    <id>firedrive</id>
    <update_url>https://raw.githubusercontent.com/Zanzibar82/plugin.video.streamondemand/master/servers/firedrive.py</update_url>
    <active>true</active>
    <version>1</version>
    <date>12/09/2015</date>
    <changes>Prima versione di Pelisalacarta 4</changes>
</server>

<server>
    <id>flashx</id>
    <update_url>https://raw.githubusercontent.com/Zanzibar82/plugin.video.streamondemand/master/servers/flashx.py</update_url>
    <active>true</active>
    <version>4</version>
    <date>12/02/2016</date>
    <changes>CmosGit version</changes>
</server>

<server>
    <id>fooget</id>
    <update_url>https://raw.githubusercontent.com/Zanzibar82/plugin.video.streamondemand/master/servers/fooget.py</update_url>
    <active>true</active>
    <version>1</version>
    <date>12/09/2015</date>
    <changes>Prima versione di Pelisalacarta 4</changes>
</server>

<server>
    <id>fourshared</id>
    <update_url>https://raw.githubusercontent.com/Zanzibar82/plugin.video.streamondemand/master/servers/fourshared.py</update_url>
    <active>true</active>
    <version>1</version>
    <date>12/09/2015</date>
    <changes>Prima versione di Pelisalacarta 4</changes>
</server>

<server>
    <id>freakshare</id>
    <update_url>https://raw.githubusercontent.com/Zanzibar82/plugin.video.streamondemand/master/servers/freakshare.py</update_url>
    <active>true</active>
    <version>1</version>
    <date>12/09/2015</date>
    <changes>Prima versione di Pelisalacarta 4</changes>
</server>

<server>
    <id>gamovideo</id>
    <update_url>https://raw.githubusercontent.com/Zanzibar82/plugin.video.streamondemand/master/servers/gamovideo.py</update_url>
    <active>true</active>
    <version>2</version>
    <date>12/09/2015</date>
    <changes>Prima versione di Pelisalacarta 4</changes>
</server>

<server>
    <id>gigasize</id>
    <update_url>https://raw.githubusercontent.com/Zanzibar82/plugin.video.streamondemand/master/servers/gigasize.py</update_url>
    <active>true</active>
    <version>1</version>
    <date>12/09/2015</date>
    <changes>Prima versione di Pelisalacarta 4</changes>
</server>

<server>
    <id>googledrive</id>
    <update_url>https://raw.githubusercontent.com/Zanzibar82/plugin.video.streamondemand/master/servers/googledrive.py</update_url>
    <active>true</active>
    <version>4</version>
    <date>17/11/2015</date>
    <changes>Migliorata compatibilità</changes>
</server>

<server>
    <id>googlevideo</id>
    <update_url>https://raw.githubusercontent.com/Zanzibar82/plugin.video.streamondemand/master/servers/googlevideo.py</update_url>
    <active>true</active>
    <version>2</version>
    <date>12/09/2015</date>
    <changes>Prima versione di Pelisalacarta 4</changes>
</server>

<server>
    <id>hdload</id>
    <update_url>https://raw.githubusercontent.com/Zanzibar82/plugin.video.streamondemand/master/servers/hdload.py</update_url>
    <active>true</active>
    <version>1</version>
    <date>12/09/2015</date>
    <changes>Prima versione di Pelisalacarta 4</changes>
</server>

<server>
    <id>hdplay</id>
    <update_url>https://raw.githubusercontent.com/Zanzibar82/plugin.video.streamondemand/master/servers/hdplay.py</update_url>
    <active>true</active>
    <version>1</version>
    <date>12/09/2015</date>
    <changes>Prima versione di Pelisalacarta 4</changes>
</server>

<server>
    <id>hotfile</id>
    <update_url>https://raw.githubusercontent.com/Zanzibar82/plugin.video.streamondemand/master/servers/hotfile.py</update_url>
    <active>true</active>
    <version>1</version>
    <date>12/09/2015</date>
    <changes>Prima versione di Pelisalacarta 4</changes>
</server>

<server>
    <id>hugefiles</id>
    <update_url>https://raw.githubusercontent.com/Zanzibar82/plugin.video.streamondemand/master/servers/hugefiles.py</update_url>
    <active>true</active>
    <version>1</version>
    <date>12/09/2015</date>
    <changes>Prima versione di Pelisalacarta 4</changes>
</server>

<server>
    <id>hulkshare</id>
    <update_url>https://raw.githubusercontent.com/Zanzibar82/plugin.video.streamondemand/master/servers/hulkshare.py</update_url>
    <active>true</active>
    <version>1</version>
    <date>12/09/2015</date>
    <changes>Prima versione di Pelisalacarta 4</changes>
</server>

<server>
    <id>jumbofiles</id>
    <update_url>https://raw.githubusercontent.com/Zanzibar82/plugin.video.streamondemand/master/servers/jumbofiles.py</update_url>
    <active>true</active>
    <version>1</version>
    <date>12/09/2015</date>
    <changes>Prima versione di Pelisalacarta 4</changes>
</server>

<server>
    <id>junkyvideo</id>
    <update_url>https://raw.githubusercontent.com/Zanzibar82/plugin.video.streamondemand/master/servers/junkyvideo.py</update_url>
    <active>true</active>
    <version>1</version>
    <date>12/09/2015</date>
    <changes>Prima versione di Pelisalacarta 4</changes>
</server>

<server>
    <id>justintv</id>
    <update_url>https://raw.githubusercontent.com/Zanzibar82/plugin.video.streamondemand/master/servers/justintv.py</update_url>
    <active>true</active>
    <version>1</version>
    <date>12/09/2015</date>
    <changes>Prima versione di Pelisalacarta 4</changes>
</server>

<server>
    <id>letitbit</id>
    <update_url>https://raw.githubusercontent.com/Zanzibar82/plugin.video.streamondemand/master/servers/letitbit.py</update_url>
    <active>true</active>
    <version>1</version>
    <date>12/09/2015</date>
    <changes>Prima versione di Pelisalacarta 4</changes>
</server>

<server>
    <id>letwatch</id>
    <update_url>https://raw.githubusercontent.com/Zanzibar82/plugin.video.streamondemand/master/servers/letwatch.py</update_url>
    <active>true</active>
    <version>2</version>
    <date>12/09/2015</date>
    <changes>Prima versione di Pelisalacarta 4</changes>
</server>

<server>
    <id>linkbucks</id>
    <update_url>https://raw.githubusercontent.com/Zanzibar82/plugin.video.streamondemand/master/servers/linkbucks.py</update_url>
    <active>true</active>
    <version>1</version>
    <date>12/09/2015</date>
    <changes>Prima versione di Pelisalacarta 4</changes>
</server>

<server>
    <id>longurl</id>
    <update_url>https://raw.githubusercontent.com/Zanzibar82/plugin.video.streamondemand/master/servers/longurl.py</update_url>
    <active>true</active>
    <version>1</version>
    <date>12/09/2015</date>
    <changes>Prima versione di Pelisalacarta 4</changes>
</server>

<server>
    <id>lumfile</id>
    <update_url>https://raw.githubusercontent.com/Zanzibar82/plugin.video.streamondemand/master/servers/lumfile.py</update_url>
    <active>true</active>
    <version>1</version>
    <date>12/09/2015</date>
    <changes>Prima versione di Pelisalacarta 4</changes>
</server>

<server>
    <id>magnovideo</id>
    <update_url>https://raw.githubusercontent.com/Zanzibar82/plugin.video.streamondemand/master/servers/magnovideo.py</update_url>
    <active>true</active>
    <version>1</version>
    <date>12/09/2015</date>
    <changes>Prima versione di Pelisalacarta 4</changes>
</server>

<server>
    <id>mailru</id>
    <update_url>https://raw.githubusercontent.com/Zanzibar82/plugin.video.streamondemand/master/servers/mailru.py</update_url>
    <active>true</active>
    <version>1</version>
    <date>12/09/2015</date>
    <changes>Prima versione di Pelisalacarta 4</changes>
</server>

<server>
    <id>mediafire</id>
    <update_url>https://raw.githubusercontent.com/Zanzibar82/plugin.video.streamondemand/master/servers/mediafire.py</update_url>
    <active>true</active>
    <version>1</version>
    <date>12/09/2015</date>
    <changes>Prima versione di Pelisalacarta 4</changes>
</server>

<server>
    <id>mega</id>
    <update_url>https://raw.githubusercontent.com/Zanzibar82/plugin.video.streamondemand/master/servers/mega.py</update_url>
    <active>true</active>
    <version>1</version>
    <date>12/09/2015</date>
    <changes>Prima versione di Pelisalacarta 4</changes>
</server>

<server>
    <id>megadrive</id>
    <update_url>https://raw.githubusercontent.com/Zanzibar82/plugin.video.streamondemand/master/servers/megadrive.py</update_url>
    <active>true</active>
    <version>3</version>
    <date>20/09/2015</date>
    <changes>Prima versione di Pelisalacarta 4</changes>
</server>

<server>
    <id>megahd</id>
    <update_url>https://raw.githubusercontent.com/Zanzibar82/plugin.video.streamondemand/master/servers/megahd.py</update_url>
    <active>true</active>
    <version>2</version>
    <date>12/09/2015</date>
    <changes>Prima versione di Pelisalacarta 4</changes>
</server>

<server>
    <id>meuvideos</id>
    <update_url>https://raw.githubusercontent.com/Zanzibar82/plugin.video.streamondemand/master/servers/meuvideos.py</update_url>
    <active>true</active>
    <version>1</version>
    <date>12/09/2015</date>
    <changes>Prima versione di Pelisalacarta 4</changes>
</server>

<server>
    <id>modovideo</id>
    <update_url>https://raw.githubusercontent.com/Zanzibar82/plugin.video.streamondemand/master/servers/modovideo.py</update_url>
    <active>true</active>
    <version>1</version>
    <date>12/09/2015</date>
    <changes>Prima versione di Pelisalacarta 4</changes>
</server>

<server>
    <id>moevideos</id>
    <update_url>https://raw.githubusercontent.com/Zanzibar82/plugin.video.streamondemand/master/servers/moevideos.py</update_url>
    <active>true</active>
    <version>2</version>
    <date>22/10/2015</date>
    <changes>Italian alert</changes>
</server>

<server>
    <id>movreel</id>
    <update_url>https://raw.githubusercontent.com/Zanzibar82/plugin.video.streamondemand/master/servers/movreel.py</update_url>
    <active>true</active>
    <version>1</version>
    <date>12/09/2015</date>
    <changes>Prima versione di Pelisalacarta 4</changes>
</server>

<server>
    <id>movshare</id>
    <update_url>https://raw.githubusercontent.com/Zanzibar82/plugin.video.streamondemand/master/servers/movshare.py</update_url>
    <active>true</active>
    <version>1</version>
    <date>12/09/2015</date>
    <changes>Prima versione di Pelisalacarta 4</changes>
</server>

<server>
    <id>netload</id>
    <update_url>https://raw.githubusercontent.com/Zanzibar82/plugin.video.streamondemand/master/servers/netload.py</update_url>
    <active>true</active>
    <version>1</version>
    <date>12/09/2015</date>
    <changes>Prima versione di Pelisalacarta 4</changes>
</server>

<server>
    <id>netutv</id>
    <update_url>https://raw.githubusercontent.com/Zanzibar82/plugin.video.streamondemand/master/servers/netutv.py</update_url>
    <active>true</active>
    <version>1</version>
    <date>12/09/2015</date>
    <changes>Prima versione di Pelisalacarta 4</changes>
</server>

<server>
    <id>nosvideo</id>
    <update_url>https://raw.githubusercontent.com/Zanzibar82/plugin.video.streamondemand/master/servers/nosvideo.py</update_url>
    <active>true</active>
    <version>1</version>
    <date>12/09/2015</date>
    <changes>Prima versione di Pelisalacarta 4</changes>
</server>

<server>
    <id>novamov</id>
    <update_url>https://raw.githubusercontent.com/Zanzibar82/plugin.video.streamondemand/master/servers/novamov.py</update_url>
    <active>true</active>
    <version>1</version>
    <date>12/09/2015</date>
    <changes>Prima versione di Pelisalacarta 4</changes>
</server>

<server>
    <id>nowdownload</id>
    <update_url>https://raw.githubusercontent.com/Zanzibar82/plugin.video.streamondemand/master/servers/nowdownload.py</update_url>
    <active>true</active>
    <version>1</version>
    <date>12/09/2015</date>
    <changes>Prima versione di Pelisalacarta 4</changes>
</server>

<server>
    <id>nowvideo</id>
    <update_url>https://raw.githubusercontent.com/Zanzibar82/plugin.video.streamondemand/master/servers/nowvideo.py</update_url>
    <active>true</active>
    <version>10</version>
    <date>15/06/2016</date>
    <changes>re-coded by costaplus</changes>
</server>

<server>
    <id>nubestream</id>
    <update_url>https://raw.githubusercontent.com/Zanzibar82/plugin.video.streamondemand/master/servers/nubestream.py</update_url>
    <active>true</active>
    <version>1</version>
    <date>12/09/2015</date>
    <changes>Prima versione di Pelisalacarta 4</changes>
</server>

<server>
    <id>oboom</id>
    <update_url>https://raw.githubusercontent.com/Zanzibar82/plugin.video.streamondemand/master/servers/oboom.py</update_url>
    <active>true</active>
    <version>1</version>
    <date>12/09/2015</date>
    <changes>Prima versione di Pelisalacarta 4</changes>
</server>

<server>
    <id>okru</id>
    <update_url>https://raw.githubusercontent.com/Zanzibar82/plugin.video.streamondemand/master/servers/okru.py</update_url>
    <active>true</active>
    <version>2</version>
    <date>12/09/2015</date>
    <changes>Prima versione di Pelisalacarta 4</changes>
</server>

<server>
    <id>one80upload</id>
    <update_url>https://raw.githubusercontent.com/Zanzibar82/plugin.video.streamondemand/master/servers/one80upload.py</update_url>
    <active>true</active>
    <version>1</version>
    <date>12/09/2015</date>
    <changes>Prima versione di Pelisalacarta 4</changes>
</server>

<server>
    <id>onefichier</id>
    <update_url>https://raw.githubusercontent.com/Zanzibar82/plugin.video.streamondemand/master/servers/onefichier.py</update_url>
    <active>true</active>
    <version>2</version>
    <date>12/09/2015</date>
    <changes>Prima versione di Pelisalacarta 4</changes>
</server>

<server>
    <id>openload</id>
    <update_url>https://raw.githubusercontent.com/Zanzibar82/plugin.video.streamondemand/master/servers/openload.py</update_url>
    <active>true</active>
    <version>13</version>
    <date>26/06/2016</date>
    <changes>Fixed by cmos</changes>
</server>

<server>
    <id>playedto</id>
    <update_url>https://raw.githubusercontent.com/Zanzibar82/plugin.video.streamondemand/master/servers/playedto.py</update_url>
    <active>true</active>
    <version>1</version>
    <date>12/09/2015</date>
    <changes>Prima versione di Pelisalacarta 4</changes>
</server>

<server>
    <id>powvideo</id>
    <update_url>https://raw.githubusercontent.com/Zanzibar82/plugin.video.streamondemand/master/servers/powvideo.py</update_url>
    <active>true</active>
    <version>2</version>
    <date>12/09/2015</date>
    <changes>Prima versione di Pelisalacarta 4</changes>
</server>

<server>
    <id>publicvideohost</id>
    <update_url>https://raw.githubusercontent.com/Zanzibar82/plugin.video.streamondemand/master/servers/publicvideohost.py</update_url>
    <active>true</active>
    <version>1</version>
    <date>12/09/2015</date>
    <changes>Prima versione di Pelisalacarta 4</changes>
</server>

<server>
    <id>putlocker</id>
    <update_url>https://raw.githubusercontent.com/Zanzibar82/plugin.video.streamondemand/master/servers/putlocker.py</update_url>
    <active>true</active>
    <version>1</version>
    <date>12/09/2015</date>
    <changes>Prima versione di Pelisalacarta 4</changes>
</server>

<server>
    <id>putstream</id>
    <update_url>https://raw.githubusercontent.com/Zanzibar82/plugin.video.streamondemand/master/servers/putstream.py</update_url>
    <active>true</active>
    <version>1</version>
    <date>05/03/2016</date>
    <changes>Prima versione SOD</changes>
</server>

<server>
    <id>rapidgator</id>
    <update_url>https://raw.githubusercontent.com/Zanzibar82/plugin.video.streamondemand/master/servers/rapidgator.py</update_url>
    <active>true</active>
    <version>2</version>
    <date>4/6/16</date>
    <changes>Update</changes>
</server>

<server>
    <id>rapidshare</id>
    <update_url>https://raw.githubusercontent.com/Zanzibar82/plugin.video.streamondemand/master/servers/rapidshare.py</update_url>
    <active>true</active>
    <version>1</version>
    <date>12/09/2015</date>
    <changes>Prima versione di Pelisalacarta 4</changes>
</server>

<server>
    <id>rapidtube</id>
    <update_url>https://raw.githubusercontent.com/Zanzibar82/plugin.video.streamondemand/master/servers/rapidtube.py</update_url>
    <active>true</active>
    <version>1</version>
    <date>12/09/2015</date>
    <changes>Prima versione di Pelisalacarta 4</changes>
</server>

<server>
    <id>rapidvideo</id>
    <update_url>https://raw.githubusercontent.com/Zanzibar82/plugin.video.streamondemand/master/servers/rapidvideo.py</update_url>
    <active>true</active>
    <version>7</version>
    <date>11/02/2016</date>
    <changes>Prima versione di Pelisalacarta 4</changes>
</server>

<server>
    <id>realdebrid</id>
    <update_url>https://raw.githubusercontent.com/Zanzibar82/plugin.video.streamondemand/master/servers/realdebrid.py</update_url>
    <active>true</active>
    <version>2</version>
    <date>16/05/2016</date>
    <changes>Prima versione di Pelisalacarta 4</changes>
</server>

<server>
    <id>realvid</id>
    <update_url>https://raw.githubusercontent.com/Zanzibar82/plugin.video.streamondemand/master/servers/realvid.py</update_url>
    <active>true</active>
    <version>1</version>
    <date>12/09/2015</date>
    <changes>Prima versione di Pelisalacarta 4</changes>
</server>

<server>
    <id>rocvideo</id>
    <update_url>https://raw.githubusercontent.com/Zanzibar82/plugin.video.streamondemand/master/servers/rocvideo.py</update_url>
    <active>true</active>
    <version>1</version>
    <date>12/09/2015</date>
    <changes>Prima versione di Pelisalacarta 4</changes>
</server>

<server>
    <id>royalvids</id>
    <update_url>https://raw.githubusercontent.com/Zanzibar82/plugin.video.streamondemand/master/servers/royalvids.py</update_url>
    <active>true</active>
    <version>1</version>
    <date>12/09/2015</date>
    <changes>Prima versione di Pelisalacarta 4</changes>
</server>

<server>
    <id>rutube</id>
    <update_url>https://raw.githubusercontent.com/Zanzibar82/plugin.video.streamondemand/master/servers/rutube.py</update_url>
    <active>true</active>
    <version>1</version>
    <date>12/09/2015</date>
    <changes>Prima versione di Pelisalacarta 4</changes>
</server>

<server>
    <id>safelinking</id>
    <update_url>https://raw.githubusercontent.com/Zanzibar82/plugin.video.streamondemand/master/servers/safelinking.py</update_url>
    <active>true</active>
    <version>1</version>
    <date>12/09/2015</date>
    <changes>Prima versione di Pelisalacarta 4</changes>
</server>

<server>
    <id>sendvid</id>
    <update_url>https://raw.githubusercontent.com/Zanzibar82/plugin.video.streamondemand/master/servers/sendvid.py</update_url>
    <active>true</active>
    <version>2</version>
    <date>12/09/2015</date>
    <changes>Prima versione di Pelisalacarta 4</changes>
</server>

<server>
    <id>servertools</id>
    <update_url>https://raw.githubusercontent.com/Zanzibar82/plugin.video.streamondemand/master/servers/servertools.py</update_url>
    <active>true</active>
    <version>7</version>
    <date>29/09/2015</date>
    <changes>Prima versione di Pelisalacarta 4</changes>
</server>

<server>
    <id>shareflare</id>
    <update_url>https://raw.githubusercontent.com/Zanzibar82/plugin.video.streamondemand/master/servers/shareflare.py</update_url>
    <active>true</active>
    <version>1</version>
    <date>12/09/2015</date>
    <changes>Prima versione di Pelisalacarta 4</changes>
</server>

<server>
    <id>sharpfile</id>
    <update_url>https://raw.githubusercontent.com/Zanzibar82/plugin.video.streamondemand/master/servers/sharpfile.py</update_url>
    <active>true</active>
    <version>1</version>
    <date>12/09/2015</date>
    <changes>Prima versione di Pelisalacarta 4</changes>
</server>

<server>
    <id>sockshare</id>
    <update_url>https://raw.githubusercontent.com/Zanzibar82/plugin.video.streamondemand/master/servers/sockshare.py</update_url>
    <active>true</active>
    <version>1</version>
    <date>12/09/2015</date>
    <changes>Prima versione di Pelisalacarta 4</changes>
</server>

<server>
    <id>speedvid</id>
    <update_url>https://raw.githubusercontent.com/Zanzibar82/plugin.video.streamondemand/master/servers/speedvid.py</update_url>
    <active>true</active>
    <version>1</version>
    <date>12/09/2015</date>
    <changes>Prima versione di Pelisalacarta 4</changes>
</server>

<server>
    <id>speedvideo</id>
    <update_url>https://raw.githubusercontent.com/Zanzibar82/plugin.video.streamondemand/master/servers/speedvideo.py</update_url>
    <active>true</active>
    <version>1</version>
    <date>12/09/2015</date>
    <changes>Prima versione di Pelisalacarta 4</changes>
</server>

<server>
    <id>spruto</id>
    <update_url>https://raw.githubusercontent.com/Zanzibar82/plugin.video.streamondemand/master/servers/spruto.py</update_url>
    <active>true</active>
    <version>2</version>
    <date>12/09/2015</date>
    <changes>Prima versione di Pelisalacarta 4</changes>
</server>

<server>
    <id>stagero</id>
    <update_url>https://raw.githubusercontent.com/Zanzibar82/plugin.video.streamondemand/master/servers/stagero.py</update_url>
    <active>true</active>
    <version>1</version>
    <date>12/09/2015</date>
    <changes>Prima versione di Pelisalacarta 4</changes>
</server>

<server>
    <id>stagevu</id>
    <update_url>https://raw.githubusercontent.com/Zanzibar82/plugin.video.streamondemand/master/servers/stagevu.py</update_url>
    <active>true</active>
    <version>1</version>
    <date>12/09/2015</date>
    <changes>Prima versione di Pelisalacarta 4</changes>
</server>

<server>
    <id>streamable</id>
    <update_url>https://raw.githubusercontent.com/Zanzibar82/plugin.video.streamondemand/master/servers/streamable.py</update_url>
    <active>true</active>
    <version>1</version>
    <date>12/09/2015</date>
    <changes>Prima versione di Pelisalacarta 4</changes>
</server>

<server>
    <id>streamcloud</id>
    <update_url>https://raw.githubusercontent.com/Zanzibar82/plugin.video.streamondemand/master/servers/streamcloud.py</update_url>
    <active>true</active>
    <version>1</version>
    <date>12/09/2015</date>
    <changes>Prima versione di Pelisalacarta 4</changes>
</server>

<server>
    <id>streaminto</id>
    <update_url>https://raw.githubusercontent.com/Zanzibar82/plugin.video.streamondemand/master/servers/streaminto.py</update_url>
    <active>true</active>
    <version>3</version>
    <date>22/10/2015</date>
    <changes>Italian alert</changes>
</server>

<server>
    <id>thevideome</id>
    <update_url>https://raw.githubusercontent.com/Zanzibar82/plugin.video.streamondemand/master/servers/thevideome.py</update_url>
    <active>true</active>
    <version>5</version>
    <date>12/09/2015</date>
    <changes>Prima versione di Pelisalacarta 4</changes>
</server>

<server>
    <id>torrent</id>
    <update_url>https://raw.githubusercontent.com/Zanzibar82/plugin.video.streamondemand/master/servers/torrent.py</update_url>
    <active>true</active>
    <version>2</version>
    <date>03/01/2016</date>
    <changes>Prima versione di Pelisalacarta 4</changes>
</server>

<server>
    <id>tumitv</id>
    <update_url>https://raw.githubusercontent.com/Zanzibar82/plugin.video.streamondemand/master/servers/tumitv.py</update_url>
    <active>true</active>
    <version>2</version>
    <date>12/09/2015</date>
    <changes>Prima versione di Pelisalacarta 4</changes>
</server>

<server>
    <id>tunepk</id>
    <update_url>https://raw.githubusercontent.com/Zanzibar82/plugin.video.streamondemand/master/servers/tunepk.py</update_url>
    <active>true</active>
    <version>2</version>
    <date>12/09/2015</date>
    <changes>Prima versione di Pelisalacarta 4</changes>
</server>

<server>
    <id>turbobit</id>
    <update_url>https://raw.githubusercontent.com/Zanzibar82/plugin.video.streamondemand/master/servers/turbobit.py</update_url>
    <active>true</active>
    <version>1</version>
    <date>12/09/2015</date>
    <changes>Prima versione di Pelisalacarta 4</changes>
</server>

<server>
    <id>tutv</id>
    <update_url>https://raw.githubusercontent.com/Zanzibar82/plugin.video.streamondemand/master/servers/tutv.py</update_url>
    <active>true</active>
    <version>1</version>
    <date>12/09/2015</date>
    <changes>Prima versione di Pelisalacarta 4</changes>
</server>

<server>
    <id>twitvid</id>
    <update_url>https://raw.githubusercontent.com/Zanzibar82/plugin.video.streamondemand/master/servers/twitvid.py</update_url>
    <active>true</active>
    <version>1</version>
    <date>12/09/2015</date>
    <changes>Prima versione di Pelisalacarta 4</changes>
</server>

<server>
    <id>ultramegabit</id>
    <update_url>https://raw.githubusercontent.com/Zanzibar82/plugin.video.streamondemand/master/servers/ultramegabit.py</update_url>
    <active>true</active>
    <version>1</version>
    <date>12/09/2015</date>
    <changes>Prima versione di Pelisalacarta 4</changes>
</server>

<server>
    <id>uploadedto</id>
    <update_url>https://raw.githubusercontent.com/Zanzibar82/plugin.video.streamondemand/master/servers/uploadedto.py</update_url>
    <active>true</active>
    <version>1</version>
    <date>12/09/2015</date>
    <changes>Prima versione di Pelisalacarta 4</changes>
</server>

<server>
    <id>uploading</id>
    <update_url>https://raw.githubusercontent.com/Zanzibar82/plugin.video.streamondemand/master/servers/uploading.py</update_url>
    <active>true</active>
    <version>1</version>
    <date>12/09/2015</date>
    <changes>Prima versione di Pelisalacarta 4</changes>
</server>

<server>
    <id>uploadstation</id>
    <update_url>https://raw.githubusercontent.com/Zanzibar82/plugin.video.streamondemand/master/servers/uploadstation.py</update_url>
    <active>true</active>
    <version>1</version>
    <date>12/09/2015</date>
    <changes>Prima versione di Pelisalacarta 4</changes>
</server>

<server>
    <id>uploaz</id>
    <update_url>https://raw.githubusercontent.com/Zanzibar82/plugin.video.streamondemand/master/servers/uploaz.py</update_url>
    <active>true</active>
    <version>1</version>
    <date>12/09/2015</date>
    <changes>Prima versione di Pelisalacarta 4</changes>
</server>

<server>
    <id>uptobox</id>
    <update_url>https://raw.githubusercontent.com/Zanzibar82/plugin.video.streamondemand/master/servers/uptobox.py</update_url>
    <active>true</active>
    <version>1</version>
    <date>12/09/2015</date>
    <changes>Prima versione di Pelisalacarta 4</changes>
</server>

<server>
    <id>userporn</id>
    <update_url>https://raw.githubusercontent.com/Zanzibar82/plugin.video.streamondemand/master/servers/userporn.py</update_url>
    <active>true</active>
    <version>1</version>
    <date>12/09/2015</date>
    <changes>Prima versione di Pelisalacarta 4</changes>
</server>

<server>
    <id>v4y</id>
    <update_url>https://raw.githubusercontent.com/Zanzibar82/plugin.video.streamondemand/master/servers/v4y.py</update_url>
    <active>true</active>
    <version>1</version>
    <date>12/09/2015</date>
    <changes>Prima versione di Pelisalacarta 4</changes>
</server>

<server>
    <id>veehd</id>
    <update_url>https://raw.githubusercontent.com/Zanzibar82/plugin.video.streamondemand/master/servers/veehd.py</update_url>
    <active>true</active>
    <version>1</version>
    <date>12/09/2015</date>
    <changes>Prima versione di Pelisalacarta 4</changes>
</server>

<server>
    <id>veevr</id>
    <update_url>https://raw.githubusercontent.com/Zanzibar82/plugin.video.streamondemand/master/servers/veevr.py</update_url>
    <active>true</active>
    <version>1</version>
    <date>12/09/2015</date>
    <changes>Prima versione di Pelisalacarta 4</changes>
</server>

<server>
    <id>veoh</id>
    <update_url>https://raw.githubusercontent.com/Zanzibar82/plugin.video.streamondemand/master/servers/veoh.py</update_url>
    <active>true</active>
    <version>1</version>
    <date>12/09/2015</date>
    <changes>Prima versione di Pelisalacarta 4</changes>
</server>

<server>
    <id>vidbull</id>
    <update_url>https://raw.githubusercontent.com/Zanzibar82/plugin.video.streamondemand/master/servers/vidbull.py</update_url>
    <active>true</active>
    <version>1</version>
    <date>12/09/2015</date>
    <changes>Prima versione di Pelisalacarta 4</changes>
</server>

<server>
    <id>vidbux</id>
    <update_url>https://raw.githubusercontent.com/Zanzibar82/plugin.video.streamondemand/master/servers/vidbux.py</update_url>
    <active>true</active>
    <version>1</version>
    <date>12/09/2015</date>
    <changes>Prima versione di Pelisalacarta 4</changes>
</server>

<server>
    <id>video4you</id>
    <update_url>https://raw.githubusercontent.com/Zanzibar82/plugin.video.streamondemand/master/servers/video4you.py</update_url>
    <active>true</active>
    <version>1</version>
    <date>12/09/2015</date>
    <changes>Prima versione di Pelisalacarta 4</changes>
</server>

<server>
    <id>videobam</id>
    <update_url>https://raw.githubusercontent.com/Zanzibar82/plugin.video.streamondemand/master/servers/videobam.py</update_url>
    <active>true</active>
    <version>1</version>
    <date>12/09/2015</date>
    <changes>Prima versione di Pelisalacarta 4</changes>
</server>

<server>
    <id>videomega</id>
    <update_url>https://raw.githubusercontent.com/Zanzibar82/plugin.video.streamondemand/master/servers/videomega.py</update_url>
    <active>true</active>
    <version>5</version>
    <date>04/10/2015</date>
    <changes>robalo fix proposal</changes>
</server>

<server>
    <id>videopremium</id>
    <update_url>https://raw.githubusercontent.com/Zanzibar82/plugin.video.streamondemand/master/servers/videopremium.py</update_url>
    <active>true</active>
    <version>1</version>
    <date>12/09/2015</date>
    <changes>Prima versione di Pelisalacarta 4</changes>
</server>

<server>
    <id>videostoring</id>
    <update_url>https://raw.githubusercontent.com/Zanzibar82/plugin.video.streamondemand/master/servers/videostoring.py</update_url>
    <active>true</active>
    <version>1</version>
    <date>12/09/2015</date>
    <changes>Prima versione di Pelisalacarta 4</changes>
</server>

<server>
    <id>videott</id>
    <update_url>https://raw.githubusercontent.com/Zanzibar82/plugin.video.streamondemand/master/servers/videott.py</update_url>
    <active>true</active>
    <version>1</version>
    <date>12/09/2015</date>
    <changes>Prima versione di Pelisalacarta 4</changes>
</server>

<server>
    <id>videoweed</id>
    <update_url>https://raw.githubusercontent.com/Zanzibar82/plugin.video.streamondemand/master/servers/videoweed.py</update_url>
    <active>true</active>
    <version>1</version>
    <date>12/09/2015</date>
    <changes>Prima versione di Pelisalacarta 4</changes>
</server>

<server>
    <id>videowood</id>
    <update_url>https://raw.githubusercontent.com/Zanzibar82/plugin.video.streamondemand/master/servers/videowood.py</update_url>
    <active>true</active>
    <version>3</version>
    <date>12/09/2015</date>
    <changes>Prima versione di Pelisalacarta 4</changes>
</server>

<server>
    <id>videozed</id>
    <update_url>https://raw.githubusercontent.com/Zanzibar82/plugin.video.streamondemand/master/servers/videozed.py</update_url>
    <active>true</active>
    <version>1</version>
    <date>12/09/2015</date>
    <changes>Prima versione di Pelisalacarta 4</changes>
</server>

<server>
    <id>videozer</id>
    <update_url>https://raw.githubusercontent.com/Zanzibar82/plugin.video.streamondemand/master/servers/videozer.py</update_url>
    <active>true</active>
    <version>1</version>
    <date>12/09/2015</date>
    <changes>Prima versione di Pelisalacarta 4</changes>
</server>

<server>
    <id>vidhog</id>
    <update_url>https://raw.githubusercontent.com/Zanzibar82/plugin.video.streamondemand/master/servers/vidhog.py</update_url>
    <active>true</active>
    <version>1</version>
    <date>12/09/2015</date>
    <changes>Prima versione di Pelisalacarta 4</changes>
</server>

<server>
    <id>vidspot</id>
    <update_url>https://raw.githubusercontent.com/Zanzibar82/plugin.video.streamondemand/master/servers/vidspot.py</update_url>
    <active>true</active>
    <version>1</version>
    <date>12/09/2015</date>
    <changes>Prima versione di Pelisalacarta 4</changes>
</server>

<server>
    <id>vidtome</id>
    <update_url>https://raw.githubusercontent.com/Zanzibar82/plugin.video.streamondemand/master/servers/vidtome.py</update_url>
    <active>true</active>
    <version>3</version>
    <date>12/09/2015</date>
    <changes>Prima versione di Pelisalacarta 4</changes>
</server>

<server>
    <id>vidxden</id>
    <update_url>https://raw.githubusercontent.com/Zanzibar82/plugin.video.streamondemand/master/servers/vidxden.py</update_url>
    <active>true</active>
    <version>1</version>
    <date>12/09/2015</date>
    <changes>Prima versione di Pelisalacarta 4</changes>
</server>

<server>
    <id>vidxtreme</id>
    <update_url>https://raw.githubusercontent.com/Zanzibar82/plugin.video.streamondemand/master/servers/vidxtreme.py</update_url>
    <active>true</active>
    <version>2</version>
    <date>12/09/2015</date>
    <changes>Prima versione di Pelisalacarta 4</changes>
</server>

<server>
    <id>vidzi</id>
    <update_url>https://raw.githubusercontent.com/Zanzibar82/plugin.video.streamondemand/master/servers/vidzi.py</update_url>
    <active>true</active>
    <version>2</version>
    <date>12/09/2015</date>
    <changes>Prima versione di Pelisalacarta 4</changes>
</server>

<server>
    <id>vimeo</id>
    <update_url>https://raw.githubusercontent.com/Zanzibar82/plugin.video.streamondemand/master/servers/vimeo.py</update_url>
    <active>true</active>
    <version>1</version>
    <date>12/09/2015</date>
    <changes>Prima versione di Pelisalacarta 4</changes>
</server>

<server>
    <id>vimpleru</id>
    <update_url>https://raw.githubusercontent.com/Zanzibar82/plugin.video.streamondemand/master/servers/vimpleru.py</update_url>
    <active>true</active>
    <version>2</version>
    <date>12/09/2015</date>
    <changes>Prima versione di Pelisalacarta 4</changes>
</server>

<server>
    <id>vk</id>
    <update_url>https://raw.githubusercontent.com/Zanzibar82/plugin.video.streamondemand/master/servers/vk.py</update_url>
    <active>true</active>
    <version>2</version>
    <date>22/10/2015</date>
    <changes>Italian alert</changes>
</server>

<server>
    <id>vkpass</id>
    <update_url>https://raw.githubusercontent.com/Zanzibar82/plugin.video.streamondemand/master/servers/vkpass.py</update_url>
    <active>true</active>
    <version>2</version>
    <date>12/09/2015</date>
    <changes>Prima versione di Pelisalacarta 4</changes>
</server>

<server>
    <id>vodlocker</id>
    <update_url>https://raw.githubusercontent.com/Zanzibar82/plugin.video.streamondemand/master/servers/vodlocker.py</update_url>
    <active>true</active>
    <version>2</version>
    <date>12/09/2015</date>
    <changes>Prima versione di Pelisalacarta 4</changes>
</server>

<server>
    <id>vureel</id>
    <update_url>https://raw.githubusercontent.com/Zanzibar82/plugin.video.streamondemand/master/servers/vureel.py</update_url>
    <active>true</active>
    <version>1</version>
    <date>12/09/2015</date>
    <changes>Prima versione di Pelisalacarta 4</changes>
</server>

<server>
    <id>watchfreeinhd</id>
    <update_url>https://raw.githubusercontent.com/Zanzibar82/plugin.video.streamondemand/master/servers/watchfreeinhd.py</update_url>
    <active>true</active>
    <version>1</version>
    <date>12/09/2015</date>
    <changes>Prima versione di Pelisalacarta 4</changes>
</server>

<server>
    <id>xmltoplaylist</id>
    <update_url>https://raw.githubusercontent.com/Zanzibar82/plugin.video.streamondemand/master/servers/xmltoplaylist.py</update_url>
    <active>true</active>
    <version>1</version>
    <date>12/09/2015</date>
    <changes>Prima versione di Pelisalacarta 4</changes>
</server>

<server>
    <id>xvideos</id>
    <update_url>https://raw.githubusercontent.com/Zanzibar82/plugin.video.streamondemand/master/servers/xvideos.py</update_url>
    <active>true</active>
    <version>1</version>
    <date>12/09/2015</date>
    <changes>Prima versione di Pelisalacarta 4</changes>
</server>

<server>
    <id>yahoo</id>
    <update_url>https://raw.githubusercontent.com/Zanzibar82/plugin.video.streamondemand/master/servers/yahoo.py</update_url>
    <active>true</active>
    <version>1</version>
    <date>12/09/2015</date>
    <changes>Prima versione di Pelisalacarta 4</changes>
</server>

<server>
    <id>youtube</id>
    <update_url>https://raw.githubusercontent.com/Zanzibar82/plugin.video.streamondemand/master/servers/youtube.py</update_url>
    <active>true</active>
    <version>1</version>
    <date>12/09/2015</date>
    <changes>Prima versione di Pelisalacarta 4</changes>
</server>

<server>
    <id>youwatch</id>
    <update_url>https://raw.githubusercontent.com/Zanzibar82/plugin.video.streamondemand/master/servers/youwatch.py</update_url>
    <active>true</active>
    <version>3</version>
    <date>12/09/2015</date>
    <changes>Prima versione di Pelisalacarta 4</changes>
</server>

<server>
    <id>zinwa</id>
    <update_url>https://raw.githubusercontent.com/Zanzibar82/plugin.video.streamondemand/master/servers/zinwa.py</update_url>
    <active>true</active>
    <version>1</version>
    <date>12/09/2015</date>
    <changes>Prima versione di Pelisalacarta 4</changes>
</server>

<server>
    <id>zippyshare</id>
    <update_url>https://raw.githubusercontent.com/Zanzibar82/plugin.video.streamondemand/master/servers/zippyshare.py</update_url>
    <active>true</active>
    <version>1</version>
    <date>12/09/2015</date>
    <changes>Prima versione di Pelisalacarta 4</changes>
</server>

<server>
    <id>zshare</id>
    <update_url>https://raw.githubusercontent.com/Zanzibar82/plugin.video.streamondemand/master/servers/zshare.py</update_url>
    <active>true</active>
    <version>1</version>
    <date>12/09/2015</date>
    <changes>Prima versione di Pelisalacarta 4</changes>
</server>
﻿</servers>
