<?xml version="1.0" encoding="UTF-8"?>
<window>
	<defaultcontrol always="true">50</defaultcontrol>
	<onload>SetProperty(FanartHomeType,settings,home)</onload>
	<views>50</views>
	<controls>
		<!-- Background -->
		<include>DefaultBackground</include>
		<control type="group">
			<animation effect="fade" start="100" end="0" time="200" tween="sine" condition="Window.IsActive(musicinformation) | Window.IsActive(movieinformation) | Window.IsActive(addoninformation) | Window.IsActive(pvrguideinfo) | Window.IsActive(pvrrecordinginfo) | Window.IsActive(pictureinfo) | Window.IsVisible(script-ExtendedInfo Script-DialogVideoInfo.xml) | Window.IsVisible(script-ExtendedInfo Script-DialogInfo.xml) | Window.IsVisible(script-ExtendedInfo Script-VideoList.xml)">Conditional</animation>
			<control type="grouplist" id="9000">
				<include>OpenClose_Left</include>
				<orientation>vertical</orientation>
				<itemgap>-8.5</itemgap>
				<left>90</left>
				<top>162</top>
				<onup>9000</onup>
				<ondown>9000</ondown>
				<onleft>50</onleft>
				<onright>50</onright>
				<usecontrolcoords>true</usecontrolcoords>
				<control type="togglebutton" id="4">
					<width>420</width>
					<height>110</height>
					<align>left</align>
					<aligny>top</aligny>
					<font>font12</font>
					<textoffsetx>100</textoffsetx>
					<textwidth>300</textwidth>
					<textoffsety>35</textoffsety>
					<label>$LOCALIZE[31032]: $LOCALIZE[584]</label>
					<altlabel>$LOCALIZE[31032]: $LOCALIZE[585]</altlabel>
				</control>
				<control type="group" id="4100">
					<height>0</height>
					<control type="image">
						<left>40</left>
						<top>-68</top>
						<width>350</width>
						<height>40</height>
						<aspectratio align="left">keep</aspectratio>
						<texture>icons/eventlog/order.png</texture>
					</control>
				</control>
				<include name="PlaylistWindowButton">
					<param name="control_id" value="21" />
					<param name="onclick" value="" />
					<param name="label" value="" />
					<param name="icon" value="icons/eventlog/settings.png" />
				</include>
				<control type="radiobutton" id="22">
					<width>420</width>
					<height>110</height>
					<align>left</align>
					<aligny>top</aligny>
					<font>font12</font>
					<textoffsetx>100</textoffsetx>
					<textoffsety>35</textoffsety>
					<textwidth>300</textwidth>
					<radioposx>-1</radioposx>
				</control>
				<include name="PlaylistWindowButton">
					<param name="control_id" value="20" />
					<param name="onclick" value="" />
					<param name="label" value="$LOCALIZE[192]" />
					<param name="icon" value="DefaultIconError.png" />
				</include>
				<control type="image">
					<left>40</left>
					<top>0</top>
					<width>340</width>
					<height>360</height>
					<aspectratio aligny="bottom">keep</aspectratio>
					<texture fallback="DefaultVideo.png">$INFO[ListItem.Icon]</texture>
					<bordertexture border="20">overlays/shadow.png</bordertexture>
					<bordersize>20</bordersize>
				</control>
			</control>
			<control type="group">
				<left>300</left>
				<visible>Control.IsVisible(50)</visible>
				<include>OpenClose_Right</include>
				<control type="image">
					<left>210</left>
					<top>162</top>
					<width>1300</width>
					<height>746</height>
					<texture border="22">dialogs/dialog-bg.png</texture>
				</control>
				<control type="list" id="50">
					<left>230</left>
					<top>182</top>
					<width>1260</width>
					<height>700</height>
					<onleft>9000</onleft>
					<onright>60</onright>
					<onup>50</onup>
					<ondown>50</ondown>
					<viewtype label="535">list</viewtype>
					<pagecontrol>60</pagecontrol>
					<scrolltime>200</scrolltime>
					<itemlayout height="90" width="1260">
						<control type="image">
							<left>0</left>
							<top>0</top>
							<width>1260</width>
							<height>90</height>
							<texture border="90,3,90,3">lists/separator.png</texture>
						</control>
						<control type="image">
							<left>5</left>
							<top>5</top>
							<width>80</width>
							<height>80</height>
							<texture border="4" fallback="DefaultAddon.png">$INFO[Listitem.Icon]</texture>
							<aspectratio>scale</aspectratio>
							<bordertexture colordiffuse="border_alpha">colors/black.png</bordertexture>
							<bordersize>4</bordersize>
						</control>
						<control type="label">
							<left>125</left>
							<top>0</top>
							<width>870</width>
							<height>35</height>
							<aligny>center</aligny>
							<font>font12</font>
							<label>$INFO[ListItem.Label]</label>
						</control>
						<control type="textbox">
							<left>125</left>
							<top>34</top>
							<width>870</width>
							<height>60</height>
							<font>font10_title</font>
							<textcolor>grey</textcolor>
							<aligny>top</aligny>
							<label>$INFO[ListItem.Property(Event.Description)]</label>
						</control>
						<control type="label">
							<left>125</left>
							<top>0</top>
							<width>1120</width>
							<height>35</height>
							<font>font12</font>
							<textcolor>button_focus</textcolor>
							<align>right</align>
							<aligny>center</aligny>
							<label>$INFO[ListItem.Label2]</label>
						</control>
					</itemlayout>
					<focusedlayout height="90" width="1260">
						<control type="image">
							<left>0</left>
							<top>0</top>
							<width>1260</width>
							<height>90</height>
							<texture border="90,3,90,3">lists/separator.png</texture>
							<visible>!Control.HasFocus(50)</visible>
						</control>
						<control type="image">
							<left>0</left>
							<top>0</top>
							<width>1260</width>
							<height>90</height>
							<texture colordiffuse="button_focus">lists/focus.png</texture>
							<visible>Control.HasFocus(50)</visible>
						</control>
						<control type="image">
							<left>5</left>
							<top>5</top>
							<width>80</width>
							<height>80</height>
							<texture border="4" fallback="DefaultAddon.png">$INFO[Listitem.Icon]</texture>
							<aspectratio>scale</aspectratio>
							<bordertexture colordiffuse="border_alpha">colors/black.png</bordertexture>
							<bordersize>4</bordersize>
						</control>
						<control type="label">
							<left>125</left>
							<top>0</top>
							<width>870</width>
							<height>35</height>
							<aligny>center</aligny>
							<font>font12</font>
							<label>$INFO[ListItem.Label]</label>
						</control>
						<control type="textbox">
							<left>125</left>
							<top>34</top>
							<width>870</width>
							<height>60</height>
							<font>font10_title</font>
							<textcolor>grey</textcolor>
							<aligny>top</aligny>
							<label>$INFO[ListItem.Property(Event.Description)]</label>
						</control>
						<control type="label">
							<left>125</left>
							<top>0</top>
							<width>1120</width>
							<height>35</height>
							<font>font12</font>
							<textcolor>button_focus</textcolor>
							<align>right</align>
							<aligny>center</aligny>
							<label>$INFO[ListItem.Label2]</label>
						</control>
					</focusedlayout>
				</control>
			</control>
			<include name="UpDownArrows">
				<param name="container_id" value="50" />
				<param name="visible" value="!System.HasModalDialog" />
			</include>
			<control type="scrollbar" id="60">
				<right>0</right>
				<top>80</top>
				<width>12</width>
				<height>920</height>
				<onleft>50</onleft>
				<onright>9000</onright>
				<orientation>vertical</orientation>
				<visible>Control.IsVisible(50)</visible>
			</control>
		</control>
		<include name="TopBar">
			<param name="breadcrumbs_label" value="$LOCALIZE[31067]" />
			<param name="breadcrumbs_icon" value="icons/settings/video.png" />
		</include>
		<include>BottomBar</include>
	</controls>
</window>
