<?xml version="1.0" encoding="UTF-8"?>
<window>
	<defaultcontrol>1001</defaultcontrol>
	<include>Animation_DialogPopupOpenClose</include>
	<coordinates>
		<left>0</left>
		<top>0</top>
        <origin x="735" y="400">Window.IsActive(Home)</origin>
	</coordinates>
	<controls>
		<!-- assume the context menu contains 1 button. code the size/position of all controls based on that -->
		<control type="image">
			<left>-1920</left>
			<top>-1080</top>
			<width>5760</width>
			<height>3240</height>
			<animation effect="fade" start="0" end="100" time="300">WindowOpen</animation>
			<animation effect="fade" start="100" end="0" time="200">WindowClose</animation>
			<texture colordiffuse="B0FFFFFF">colors/black.png</texture>
		</control>
		<control type="image" id="999">
			<description>background image</description>
			<left>0</left>
			<top>0</top>
			<width>450</width>
			<height>180</height>
			<texture border="2">dialogs/dialog-bg-solid.png</texture>
		</control>
		<control type="button" id="1001">
			<left>2</left>
			<top>-</top>
			<width>446</width>
			<height>60</height>
			<font>fontContextMenu</font>
			<align>center</align>
			<texturefocus colordiffuse="button_focus">lists/focus.png</texturefocus>
			<texturenofocus>lists/separator.png</texturenofocus>
            <onleft>1001</onleft>
			<onright>1001</onright>
			<onup>1003</onup>
			<ondown>1002</ondown>
		</control>
		<control type="button" id="1002">
			<left>2</left>
			<top>-</top>
			<width>446</width>
			<height>60</height>
			<font>fontContextMenu</font>
			<align>center</align>
			<texturefocus colordiffuse="button_focus">lists/focus.png</texturefocus>
			<texturenofocus>lists/separator.png</texturenofocus>
            <onleft>1002</onleft>
			<onright>1002</onright>
			<onup>1001</onup>
			<ondown>1003</ondown>
		</control>
 		<control type="button" id="1003">
			<left>2</left>
			<top>-</top>
			<width>446</width>
			<height>60</height>
			<font>fontContextMenu</font>
			<align>center</align>
			<texturefocus colordiffuse="button_focus">lists/focus.png</texturefocus>
			<texturenofocus>lists/separator.png</texturenofocus>
            <onleft>1003</onleft>
			<onright>1003</onright>
			<onup>1002</onup>
			<ondown>1001</ondown>
		</control>
	</controls>
</window>
