
<?xml version="1.0" encoding="utf-8" standalone="yes"?>
<channel>
	<id>leserietv</id>
	<name>LeserieTV</name>

	<active>true</active>
	<adult>false</adult>
	<language>it</language>

	<fanart></fanart>
	<thumbnail>http://www.leserie.tv/templates/LeserieTv/images/logo.png</thumbnail>
	<bannermenu>http://www.leserie.tv/templates/LeserieTv/images/logo.png</bannermenu>

	<update_url>https://raw.githubusercontent.com/streamondemand/plugin.video.streamondemand/master/channels/</update_url>
	<version>9</version>
	<date>14/10/2016</date>
	<changes>Aggiungi a libreria</changes>

	<categories>
		<category>serie</category>
		<category>top channels</category>
	</categories>

	<settings>
		<include_in_global_search>true</include_in_global_search>
	</settings>
</channel>
