<?xml version="1.0" encoding="utf-8" standalone="yes"?>
<channel>
    <id>cinemasubito</id>
    <name>Cinemasubito</name>

    <active>true</active>
    <adult>false</adult>
    <language>it</language>

    <fanart></fanart>
    <thumbnail>https://www.cinemasubito.net/uploads/custom-logo.png</thumbnail>
    <bannermenu>https://www.cinemasubito.net/uploads/custom-logo.png</bannermenu>

    <update_url>https://raw.githubusercontent.com/FusionwareIT/plugin.video.fusionse/master/channels/</update_url>
    <version>2</version>
    <date>22/10/2016</date>
    <changes>update</changes>

    <categories>
        <category>movie</category>
        <category>serie</category>
    </categories>

    <settings>
        <id>include_in_global_search</id>
        <type>bool</type>
        <label>Includi ricerca globale</label>
        <default>true</default>
        <enabled>true</enabled>
        <visible>true</visible>
    </settings>
</channel>
