<?xml version="1.0" encoding="utf-8" standalone="yes"?>
<channel>
	<id>tengourl</id>
	<name>Incolla il link da un sito</name>

	<active>false</active>
	<adult>false</adult>
	<language>it</language>
	<include_in_global_search>disabled</include_in_global_search>
	
	<fanart></fanart>
	<thumbnail>https://github.com/FusionwareIT/plugin.video.fusionse-storage/raw/master/thumbnail/IncollaURL.png</thumbnail>
	<bannermenu>https://github.com/FusionwareIT/plugin.video.fusionse-storage/raw/master/bannermenu/IncollaURL.png</bannermenu>

	<update_url>https://raw.githubusercontent.com/plugin.video.fusionse/channels/</update_url>
	<version>2</version>
	<date>18/10/2016</date>
	<changes>fix ita</changes>

	<categories>
		<category>all</category>
	</categories>
</channel>
